"LINEAGE_NAME","GENUS_NAME","SPECIES_NAME","REFERENCE_NAME","MORPHOLOGY_COMMENT"
"ACCFRA01","Leucocytozoon","Leucocytozoon toddi","Barraclough et al 2008",
"ACCNIS06","Haemoproteus","Haemoproteus nisi","Harl et al 2024",
"ACCOP01","Leucocytozoon","Leucocytozoon mathisi","Valkiunas et al 2010a",
"ACNI04","Leucocytozoon","Leucocytozoon mathisi","Valkiunas et al 2010a",
"ALARV01","Haemoproteus","Haemoproteus tartakovskyi","Zehtindjiev et al 2012",
"ALARV02","Haemoproteus","Haemoproteus tartakovskyi","Zehtindjiev et al 2012",
"ALARV03","Haemoproteus","Haemoproteus tartakovskyi","Zehtindjiev et al 2012",
"ALCLEU01","Haemoproteus","Haemoproteus enucleator","Beadell et al 2006","Nomen dubium - no documentation"
"ALEDIA02","Plasmodium","Plasmodium parahexamerium","Valkiunas et al 2009a",
"ANLAT01","Plasmodium","Plasmodium globularis","Valkiunas et al 2008b",
"ANLAT02","Haemoproteus","Haemoproteus vacuolatus","Valkiunas et al 2008b",
"ANLAT07","Plasmodium","Plasmodium multivacuolaris","Valkiunas et al 2009a",
"ANSOM01","Haemoproteus","Haemoproteus coatneyi","Gonzalez et al 2015",
"ARBRU01","Haemoproteus","Haemoproteus coatneyi","Gonzalez et al 2015",
"ARBRU02","Haemoproteus","Haemoproteus coatneyi","Mantilla et al 2016",
"ARW1","Haemoproteus","Haemoproteus belopolskyi","Valkiunas et al 2007a","Identification not confirmed by morphology"
"ATPAL02","Haemoproteus","Haemoproteus coatneyi","Gonzalez et al 2015",
"BAEBIC02","Plasmodium","Plasmodium homopolare","Walther et al 2014",
"BAEBIC02","Plasmodium","Plasmodium homopolare","Gonzalez et al 2015",
"BUBO01","Leucocytozoon","Leucocytozoon danilewskyi","Ortego & Cordero 2009","Described as L. ziemanni, a synonym of L. danilewskyi"
"BUBT1","Haemoproteus","Haemoproteus multivacuolatus","Harl et al 2024",
"BUBT2","Leucocytozoon","Leucocytozoon buteonis","Valkiunas et al 2010a",
"BUL1","Haemoproteus","Haemoproteus sanguinis","Martinsen et al 2006",
"BUL2","Haemoproteus","Haemoproteus sanguinis","Martinsen et al 2006",
"BUTJAM10","Leucocytozoon","Leucocytozoon buteonis","Valkiunas et al 2010a",
"BUTREG01","Leucocytozoon","Leucocytozoon buteonis","Valkiunas et al 2010a",
"CATAUR01","Haemoproteus","Haemoproteus catharti","Yabsley et al 2018",
"CB1","Leucocytozoon","Leucocytozoon majoris","Perkins 2008","Identified by Courtney Murdock"
"CCF3","Haemoproteus","Haemoproteus fringillae","Krizanauskiene et al 2006",
"CCF3","Haemoproteus","Haemoproteus fringillae","Valkiunas et al 2008c",
"CCF5","Haemoproteus","Haemoproteus majoris","Krizanauskiene et al 2006",
"CCF7","Haemoproteus","Haemoproteus magnus","Martinsen et al 2008",
"CELEC01","Haemoproteus","Haemoproteus fuscae","Ivanova et al 2018",
"CIAE08","Haemoproteus","Haemoproteus nisi","Harl et al 2024",
"CIRCUM01","Haemoproteus","Haemoproteus noctuae","Bukauskaite et al 2015",
"COCOR01","Haemoproteus","Haemoproteus danilewskyii","Martinsen et al 2006",
"COLAUR01","Leucocytozoon","Leucocytozoon polynuclearis","Groff et al 2022",
"COLBUC01","Haemoproteus","Haemoproteus multipigmentatus","Valkiunas et al 2010b",
"COLIV03","Haemoproteus","Haemoproteus columbae","Chagas et al 2016",
"COLL2","Haemoproteus","Haemoproteus pallidus","Krizanauskiene et al 2006",
"COLL3","Haemoproteus","Haemoproteus balmorali","Hellgren et al 2007a",
"COLL4","Plasmodium","Plasmodium homocircumflexum","Palinauskas et al 2015",
"COLL6","Plasmodium","Plasmodium delichoni","Valkiunas et al 2016a",
"COLPAS03","Haemoproteus","Haemoproteus paramultipigmentatus","Valkiunas et al 2013c","The isolate for the morphological description: Genbank accession nr JN788934 of"
"COLPAS05","Haemoproteus","Haemoproteus paramultipigmentatus","Valkiunas et al 2013c",
"COLTAL01","Haemoproteus","Haemoproteus multipigmentatus","Valkiunas et al 2010b",
"COQUI05","Haemoproteus","Haemoproteus columbae","Chagas et al 2016",
"CORCRI01","Haemoproteus","Haemoproteus minchini","Chavette et al 2017",
"CORGAR01","Haemoproteus","Haemoproteus coraciae","Vaclav et al 2016",
"CRALOU01","Haemoproteus","Haemoproteus bukaka","Goulding et al 2016",
"CREFUR01","Haemoproteus","Haemoproteus jenniae","Levin et al 2012",
"CUKI1","Haemoproteus","Haemoproteus homominutus","Valkiunas et al 2019",
"CULKIB01","Haemoproteus","Haemoproteus syrnii","Bukauskaite et al 2015",
"CWT4","Haemoproteus","Haemoproteus majoris","Krizanauskiene et al 2006",
"CYAOLI03","Haemoproteus","Haemoproteus cyanomitrae","Iezhova et al 2010",
"CYAOLI05","Haemoproteus","Haemoproteus cyanomitrae","Iezhova et al 2010",
"CYAOLI06","Haemoproteus","Haemoproteus cyanomitrae","Iezhova et al 2010",
"CYAOLI09","Plasmodium","Plasmodium lucens","Valkiunas et al 2009a",
"DELURB1","Haemoproteus","Haemoproteus hirundinis","Valkiunas et al 2014",
"DELURB2","Haemoproteus","Haemoproteus hirundinis","Duc et al 2023a",
"DENAUT01","Haemoproteus","Haemoproteus macrovacuolatus","Matta et al 2014b",
"DENCOR01","Haemoproteus","Haemoproteus coatneyi","Martinsen et al 2008",
"DENPET03","Plasmodium","Plasmodium nucleophilum","Chagas et al 2013",
"DIGCYA08","Plasmodium","Plasmodium lutzi","Gonzalez et al 2015",
"DIGLAF01","Plasmodium","Plasmodium lutzi","Gonzalez et al 2015",
"DIGLAF02","Plasmodium","Plasmodium lutzi","Gonzalez et al 2015",
"DRYALB01","Leucocytozoon","Leucocytozoon polynuclearis","Groff et al 2022",
"EMCIR01","Haemoproteus","Haemoproteus dumbbellus","Duc et al 2023a",
"ERIRUB01","Plasmodium","Plasmodium elongatum","Palinauskas et al 2016",
"FALSUB01","Haemoproteus","Haemoproteus tinnunculi","Valkiunas et al 2019",
"FANTAIL01","Plasmodium","Plasmodium collidatum","Patanova et al 2021",
"FASPA02","Haemoproteus","Leucocytozoon californicus","Walther et al 2016b",
"FREAND01","Haemoproteus","Haemoproteus valkiunasi","Merino et al 2012",
"FREMIN01","Haemoproteus","Haemoproteus iwa","Levin et al 2011",
"GAGLA07","Haemoproteus","Haemoproteus homopicae","Valkiunas et al 2019",
"GALLUS01","Plasmodium","Plasmodium gallinaceum","Perkins & Schall 2002",
"GALLUS02","Plasmodium","Plasmodium juxtanucleare","Omori et al 2007",
"GALLUS02","Plasmodium","Plasmodium juxtanucleare","Murata et al 2008",
"GALLUS03","Plasmodium","Plasmodium juxtanucleare","Martinsen et al 2007",
"GALLUS05","Leucocytozoon","Leucocytozoon caulleryi","Omori et al 2008",
"GALLUS06","Leucocytozoon","Leucocytozoon schoutedeni","Sehgal et al 2006b",
"GALLUS07","Leucocytozoon","Leucocytozoon schoutedeni","Sehgal et al 2006b",
"GALLUS08","Leucocytozoon","Leucocytozoon sabrazesi","Hirakawa et al unpubl","Nomen dubium - no documentation"
"GRARUF01","Leucocytozoon","Leucocytozoon sp.","Lotta et al 2015","Previous identification as Leucocytozoon pterotenuis maybe incorrect"
"GRSQU01","Leucocytozoon","Leucocytozoon grallariae","Lotta et al 2019",
"GRUAME01","Haemoproteus","Haemoproteus antigonis","Bertram et al 2017",
"GRUAME02","Haemoproteus","Haemoproteus antigonis","Bertram et al 2017",
"GRUAME03","Haemoproteus","Haemoproteus antigonis","Bertram et al 2017",
"GRW01","Haemoproteus","Haemoproteus nucleocondensus","Krizanauskiene et al 2012","Split from Haemoproteus payevskyi"
"GRW01","Haemoproteus","Haemoproteus nucleocondensus","Valkiunas et al 2013a",
"GRW02","Plasmodium","Plasmodium ashfordi","Valkiunas et al 2007b","First described as Plasmodium nucleophilum (Bensch et al 2000)"
"GRW04","Plasmodium","Plasmodium relictum","Valkiunas et al 2007b",
"GRW06","Plasmodium","Plasmodium elongatum","Valkiunas et al 2008a",
"GRW11","Plasmodium","Plasmodium relictum","Kazlauskiene et al 2013",
"HAECOL1","Haemoproteus","Haemoproteus columbae","Waldenström et al 2002",
"HAWF1","Haemoproteus","Haemoproteus tartakovskyi","Valkiunas et al 2013a",
"HAWF2","Haemoproteus","Haemoproteus concavocentralis","Dimitrov et al 2014",
"HEAME01","Leucocytozoon","Leucocytozoon quynzae","Matta et al 2014a",
"HIICT1","Haemoproteus","Haemoproteus belopolskyi","Valkiunas et al 2007a",
"HIICT1","Haemoproteus","Haemoproteus belopolskyi","Valkiunas et al 2013a",
"HIICT3","Haemoproteus","Haemoproteus belopolskyi","Valkiunas et al 2007a","Identification not confirmed by morphology"
"HIICT3","Haemoproteus","Haemoproteus belopolskyi","Valkiunas et al 2013a","Identification not confirmed by morphology"
"HIICT4","Haemoproteus","Haemoproteus belopolskyi","Valkiunas et al 2007a","Identification not confirmed by morphology"
"HIICT5","Haemoproteus","Haemoproteus belopolskyi","Valkiunas et al 2007a","Identification not confirmed by morphology"
"HIRUS05","Haemoproteus","Haemoproteus parahirundinis","Valkiunas et al 2020",
"ISPIC03","Haemoproteus","Haemoproteus enucleator","Tchoumbou et al 2024",
"LAMPUR01","Haemoproteus","Haemoproteus pastoris","Valkiunas et al 2014",
"LAMUT01","Leucocytozoon","Leucocytozoon lovati","Sato et al 2007","Nomen dubium - no documentation"
"LICHRYS01","Haemoproteus","Haemoproteus ptilotis","Clark et al 2015a",
"LINN1","Plasmodium","Plasmodium matutinum","Valkiunas et al 2017a",
"LK03","Haemoproteus","Haemoproteus brachiatus","Valkiunas et al 2019",
"LULU1","Haemoproteus","Haemoproteus attenuatus","Valkiunas & Iezhova 2022",
"LZFUS01","Plasmodium","Plasmodium relictum","Ilgunas et al 2013",
"MALRUB01","Haemoproteus","Haemoproteus paranucleophilus","Iezhova et al 2011",
"MALRUB02","Haemoproteus","Haemoproteus nucleofascialis","Iezhova et al 2011",
"MEAPI01","Haemoproteus","Haemoproteus manwelli","Dimitrov et al 2016",
"MEAPI02","Haemoproteus","Haemoproteus gavrilovi","Dimitrov et al 2016",
"MELALB01","Haemoproteus","Haemoproteus ptilotis","Clark et al 2015a",
"MELALB02","Haemoproteus","Haemoproteus ptilotis","Clark et al 2015a",
"MELCAR01","Haemoproteus","Haemoproteus velans","Groff et al 2019",
"MELLEW01","Haemoproteus","Haemoproteus ptilotis","Clark et al 2015a",
"MELSTR01","Haemoproteus","Haemoproteus velans","Groff et al 2019","The isolate for the morphological description: Genbank accession nr MH311672 of"
"MICRO01","Haemoproteus","Haemoproteus multipigmentatus","Valkiunas et al 2010b",
"MICRO02","Haemoproteus","Haemoproteus multipigmentatus","Valkiunas et al 2010b",
"MODO1","Haemoproteus","Haemoproteus sacharovi","Krizanauskiene et al 2013",
"MW1","Haemoproteus","Haemoproteus belopolskyi","Valkiunas et al 2007a",
"MYCAME02","Plasmodium","Plasmodium paranucleophilum","Tostes et al 2017",
"MYZSAN02","Haemoproteus","Haemoproteus ptilotis","Clark et al 2015a",
"NMIN01","Haemoproteus","Haemoproteus ptilotis","Clark et al 2015a",
"OTSCO05","Haemoproteus","Haemoproteus syrnii","Valkiunas et al 2014",
"PACPEC02","Haemoproteus","Haemoproteus coatneyi","Gonzalez et al 2015",
"PADOM02","Plasmodium","Plasmodium cathemerium","Aly et al 2020",
"PADOM05","Haemoproteus","Haemoproteus passeris","Martinsen et al 2006",
"PADOM05","Haemoproteus","Haemoproteus passeris","Martinsen et al 2008",
"PADOM09","Plasmodium","Plasmodium sp.","Escalante et al 1998","Identified as Plasmodium elongatum but probably incorrect, no documentation in publication / Genbank# AF069611"
"PADOM16","Plasmodium","Plasmodium rouxi","Marzal et al 2011",
"PARUS1","Haemoproteus","Haemoproteus majoris","Krizanauskiene et al 2006",
"PENOBS01","Haemoproteus","Haemoproteus ortalidum","Chagas et al 2017",
"PFC1","Haemoproteus","Haemoproteus pallidus","Krizanauskiene et al 2006",
"PFC1","Haemoproteus","Haemoproteus pallidus","Valkiunas et al 2013a",
"PHCOL01","Plasmodium","Plasmodium relictum","Valkiunas et al 2018",
"PHSIB1","Haemoproteus","Haemoproteus majoris","Krizanauskiene et al 2006",
"PHSIB2","Haemoproteus","Haemoproteus homopalloris","Chagas et al 2018",
"PHYBOR04","Haemoproteus","Haemoproteus majoris","Ilgunas et al 2019",
"PICAN02","Haemoproteus","Haemoproteus homovelans","Dimitrov et al 2014",
"PIOLI01","Haemoproteus","Haemoproteus thraupi","Ricklefs & Fallon 2002",
"PIOLI03","Haemoproteus","Haemoproteus coatneyi","Gonzalez et al 2015",
"PIPUB01","Haemoproteus","Haemoproteus picae","Martinsen et al 2008","Nomen dubium - probably incorrect (type host Pica pica) - no documentation"
"PIRIE01","Leucocytozoon","Leucocytozoon neotropicalis","Lotta et al 2019",
"PLOMEL01","Haemoproteus","Haemoproteus homobelopolskyi","Iezhova et al 2011",
"PLOMEL02","Haemoproteus","Haemoproteus homobelopolskyi","Iezhova et al 2011",
"PLOMEL03","Haemoproteus","Haemoproteus nucleofascialis","Iezhova et al 2011",
"PLONIG01","Haemoproteus","Haemoproteus micronuclearis","Iezhova et al 2011",
"PLONIG02","Haemoproteus","Haemoproteus micronuclearis","Iezhova et al 2011",
"PLONIG03","Haemoproteus","Haemoproteus micronuclearis","Iezhova et al 2011",
"PSIROS01","Haemoproteus","Haemoproteus handai","Duc et al 2025",
"PYCJOC01","Plasmodium","Plasmodium sp.","Zhu unpubl 2","Plasmodium guangdong - Nomen dubium - no documentation"
"PYSUN1","Plasmodium","Plasmodium megaglobularis","Valkiunas et al 2008b",
"RB1","Haemoproteus","Haemoproteus lanii","Hellgren et al 2007a",
"RB1","Haemoproteus","Haemoproteus lanii","Valkiunas et al 2013a",
"RBQ11","Haemoproteus","Haemoproteus micronuclearis","Iezhova et al 2011",
"RBS2","Haemoproteus","Haemoproteus lanii","Hellgren et al 2007a",
"RBS4","Haemoproteus","Haemoproteus lanii","Hellgren et al 2007a",
"ROBIN1","Haemoproteus","Haemoproteus attenuatus","Valkiunas et al 2006",
"ROFI1","Haemoproteus","Haemoproteus magnus","Krizanauskiene et al 2006",
"RW1","Haemoproteus","Haemoproteus payevskyi","Krizanauskiene et al 2006",
"RW1","Haemoproteus","Haemoproteus payevskyi","Valkiunas et al 2013a",
"RW3","Haemoproteus","Haemoproteus belopolskyi","Valkiunas et al 2007a","Identification not confirmed by morphology"
"SEIAUR01","Plasmodium","Plasmodium cathemerium","Wiersch et al 2005",
"SFC1","Haemoproteus","Haemoproteus balmorali","Hellgren et al 2007a",
"SFC1","Haemoproteus","Haemoproteus balmorali","Valkiunas et al 2008c","Ookinetes"
"SFC1","Haemoproteus","Haemoproteus balmorali","Valkiunas et al 2013a",
"SFC3","Haemoproteus","Haemoproteus pallidus","Valkiunas et al 2008c",
"SGS1","Plasmodium","Plasmodium relictum","Palinauskas et al 2007",
"SISKIN1","Haemoproteus","Haemoproteus tartakovskyi","Valkiunas et al 2008c",
"SISKIN1","Haemoproteus","Haemoproteus tartakovskyi","Valkiunas et al 2013a",
"SPMAG01","Plasmodium","Plasmodium tejerai","Silveira et al 2013",
"SPMAG02","Plasmodium","Plasmodium tejerai","Silveira et al 2013",
"SPMAG12","Haemoproteus","Haemoproteus larae","Inumaru et al 2020",
"STAL2","Haemoproteus","Haemoproteus syrnii","Karadjian et al 2013",
"STSEL1","Haemoproteus","Haemoproteus ilanpapernai","Karadjian et al 2014","previously described as H.syrnii in Karadjian 2013"
"STSEN1","Haemoproteus","Haemoproteus turtur","Martinsen et al 2006",
"SW1","Haemoproteus","Haemoproteus belopolskyi","Valkiunas et al 2007a","Identification not confirmed by morphology"
"SW2","Plasmodium","Plasmodium polare","Beadell et al 2006","Nomen dubium - no documentation"
"SW2","Plasmodium","Plasmodium homonucleophilum","Ilgunas et al 2013",
"SW3","Haemoproteus","Haemoproteus belopolskyi","Valkiunas et al 2007a","Identification not confirmed by morphology"
"SW5","Plasmodium","Plasmodium circumflexum","Valkiunas et al 2014",
"SYAT01","Haemoproteus","Haemoproteus parabelopolskyi","Valkiunas et al 2007a",
"SYAT01","Haemoproteus","Haemoproteus parabelopolskyi","Valkiunas et al 2019",
"SYAT02","Haemoproteus","Haemoproteus parabelopolskyi","Valkiunas et al 2007a",
"SYAT03","Haemoproteus","Haemoproteus pallidulus","Krizanauskiene et al 2010",
"SYAT05","Plasmodium","Plasmodium vaughani","Zehtindjiev et al 2012",
"SYAT07","Haemoproteus","Haemoproteus parabelopolskyi","Valkiunas et al 2007a",
"SYAT11","Haemoproteus","Haemoproteus parabelopolskyi","Valkiunas et al 2007a",
"SYAT16","Haemoproteus","Haemoproteus homogeneae","Valkiunas et al 2019",
"SYBOR01","Haemoproteus","Haemoproteus parabelopolskyi","Valkiunas et al 2007a",
"SYBOR01","Haemoproteus","Haemoproteus parabelopolskyi","Valkiunas et al 2013a",
"SYBOR03","Haemoproteus","Haemoproteus parabelopolskyi","Valkiunas et al 2007a",
"SYNIS1","Haemoproteus","Haemoproteus parabelopolskyi","Valkiunas et al 2014",
"TABI02","Haemoproteus","Haemoproteus paruli","Ricklefs & Fallon 2002",
"TANDES01","Haemoproteus","Haemoproteus nucleocentralis","Anjos et al 2021",
"TANIG01","Haemoproteus","Haemoproteus coatneyi","Gonzalez et al 2015",
"TANVAS02","Haemoproteus","Haemoproteus coatneyi","Gonzalez et al 2015",
"TFUS01","Leucocytozoon","Leucocytozoon fringillinarum","Lotta et al 2013",
"TFUS02","Leucocytozoon","Leucocytozoon fringillinarum","Lotta et al 2013",
"TFUS03","Leucocytozoon","Leucocytozoon fringillinarum","Lotta et al 2013",
"TFUS04","Leucocytozoon","Leucocytozoon fringillinarum","Lotta et al 2013",
"TFUS05","Plasmodium","Plasmodium lutzi","Mantilla et al 2013a",
"TFUS06","Plasmodium","Plasmodium unalis","Mantilla et al 2013b",
"TOFLA03","Haemoproteus","Haemoproteus paraortalidum","Ferreira-Junior et al 2018a",
"TROAED19","Haemoproteus","Haemoproteus homohandai","Valkiunas et al 2017b",
"TROAED20","Haemoproteus","Haemoproteus witti","Gonzalez et al 2015",
"TROERY01","Haemoproteus","Haemoproteus leiothrichus","Ishtiaq et al 2018",
"TROERY02","Haemoproteus","Haemoproteus homoleiothrichus","Ishtiaq et al 2018",
"TUCHR01","Haemoproteus","Haemoproteus minutus","Palinauskas et al 2013",
"TUMIG03","Plasmodium","Plasmodium unalis","Tostes et al 2018",
"TUPHI01","Haemoproteus","Haemoproteus minutus","Palinauskas et al 2013",
"TUPHI01","Haemoproteus","Haemoproteus asymmetricus","Valkiunas et al 2021",
"TURDUS1","Plasmodium","Plasmodium circumflexum","Palinauskas et al 2007",
"TURDUS2","Haemoproteus","Haemoproteus minutus","Hellgren et al 2007a",
"TURDUS2","Haemoproteus","Haemoproteus minutus","Valkiunas et al 2008c",
"TURDUS2","Haemoproteus","Haemoproteus minutus","Valkiunas et al 2013a",
"TURTYM01","Haemoproteus","Haemoproteus multivolutinus","Valkiunas et al 2013c",
"TURUF03","Plasmodium","Plasmodium unalis","Tostes et al 2018",
"TURUF04","Plasmodium","Plasmodium unalis","Tostes et al 2018",
"UNKNOWN01","Plasmodium","Plasmodium sp.","Zhu unpubl 1","Plasmodium heteronucleare - Nomen dubium - no documentation"
"UNKNOWN02","Plasmodium","Plasmodium rouxi","Zhu unpubl 3","Nomen dubium - no documentation"
"VIGIL01","Haemoproteus","Haemoproteus vireonis","Perkins 2008","Identified by Courtney Murdock"
"VILWE1","Haemoproteus","Haemoproteus micronuclearis","Iezhova et al 2011",
"VIOLI05","Haemoproteus","Haemoproteus vireonis","Gonzalez et al 2015",
"VIOLI06","Haemoproteus","Haemoproteus vireonis","Gonzalez et al 2015",
"WW1","Haemoproteus","Haemoproteus palloris","Dimitrov et al 2016",
"WW2","Haemoproteus","Haemoproteus majoris","Krizanauskiene et al 2006",
"YWT1","Haemoproteus","Haemoproteus motacillae","Dimitrov et al 2013",
"YWT2","Haemoproteus","Haemoproteus motacillae","Dimitrov et al 2013",
"YWT3","Haemoproteus","Haemoproteus motacillae","Dimitrov et al 2013",
"YWT5","Haemoproteus","Haemoproteus motacillae","Dimitrov et al 2013",
"YWT6","Haemoproteus","Haemoproteus motacillae","Dimitrov et al 2013",
"ZEAUR06","Haemoproteus","Haemoproteus multipigmentatus","Valkiunas et al 2010b",
"ZEGAL05","Haemoproteus","Haemoproteus multipigmentatus","Valkiunas et al 2010b",
"ZEGAL06","Haemoproteus","Haemoproteus multipigmentatus","Valkiunas et al 2010b",
"ZEGAL07","Haemoproteus","Haemoproteus multipigmentatus","Valkiunas et al 2010b",
"ZOCAP01","Haemoproteus","Haemoproteus erythrogravidus","Mantilla et al 2016",
"ZOCAP13","Haemoproteus","Haemoproteus coatneyi","Gonzalez et al 2015",
"ZOCAP14","Haemoproteus","Haemoproteus erythrogravidus","Mantilla et al 2016",
"ZOLEU02","Leucocytozoon","Leucocytozoon fringillinarum","Perkins 2008","Identified by Courtney Murdock"
"ZONALB01","Haemoproteus","Haemoproteus fringillae","Martinsen et al 2008","No documentation - possible misidentification"
"ZONCAP15","Plasmodium","Plasmodium cathemerium","Cadena-Ortiz et al 2018",
"ZOSLAT04","Haemoproteus","Haemoproteus zosteropis","Clark et al 2016",
"ZOSLAT07","Haemoproteus","Haemoproteus killangoi","Clark et al 2016",
"ZOSLAT10","Haemoproteus","Haemoproteus killangoi","Clark et al 2016",
"ZOSLAT11","Haemoproteus","Haemoproteus zosteropis","Clark et al 2016",
"ZOSMAD01","Haemoproteus","Haemoproteus killangoi","Ivanova et al 2018",
"ZOSSTE01","Haemoproteus","Haemoproteus zosteropis","Clark et al 2016",
"ZOSXAN02","Haemoproteus","Haemoproteus zosteropis","Clark et al 2016",
"ZOSXAN03","Haemoproteus","Haemoproteus killangoi","Clark et al 2016",
