"LINEAGE_NAME","VECTOR_SPECIES","VECTOR_METHOD","COUNTRY_NAME","SITE_NAME","REFERENCE_NAME"
"ACCTAC01","Coquillettidia aurites","PCR, head and thorax","Cameroon","Ndibi","Njabo et al 2009"
"ACCTAC01","Coquillettidia aurites","PCR, head and thorax","Cameroon","Nkouak","Njabo et al 2009"
"AEDSCA01","Ochlerotatus scapularis","PCR, head and thorax","Brazil",,"Guimaraes et al 2021"
"AEDSP01","Aedes sp.","PCR , whole mosquitoes","Botswana","KAL_STAT_1","Perrin et al 2026"
"AEDSP02","Aedes sp.","PCR , whole mosquitoes","Botswana","KAL_STAT_4","Perrin et al 2026"
"AEDSP03","Aedes sp.","PCR , whole mosquitoes","Botswana","KAL_STAT_4","Perrin et al 2026"
"AEDTAE01","Ochlerotatus taeniorhynchus","PCR, head and thorax","Mexico","Socorro Island","Carlson et al 2011"
"AEDTAE02","Ochlerotatus taeniorhynchus","PCR, head and thorax","Mexico","Socorro Island","Carlson et al 2011"
"AEDTAE03","Ochlerotatus taeniorhynchus","PCR, head and thorax","Mexico","Socorro Island","Carlson et al 2011"
"AEDTAE04","Ochlerotatus taeniorhynchus","PCR, head and thorax","Mexico","Socorro Island","Carlson et al 2011"
"AEDTAE05","Ochlerotatus taeniorhynchus","PCR, head and thorax","Mexico","Socorro Island","Carlson et al 2011"
"AEDTAE06","Ochlerotatus taeniorhynchus","PCR, head and thorax","Mexico","Socorro Island","Carlson et al 2011"
"AEDVEX01","Aedes vexans","PCR, head and thorax","Turkey",,"Inci et al 2012"
"AEESO01","Aedes esoensis","PCR, thorax, unfed","Japan","Kushiro Zoo","Ejiri et al 2011c"
"AEESO02","Aedes esoensis","PCR, abdomen, blood filled","Japan","Kushiro Zoo","Ejiri et al 2011c"
"AFTRU5","Culex pipiens","PCR, abdomen with blood meal","Italy",,"Martinez-de la Puente et al 2015"
"AFTRU5","Culex pipiens","PCR, head and thorax","Switzerland","Dorigny, Lausanne","Lalubin et al 2013"
"ANTPAR05","Culex univittatus","PCR , whole mosquitoes","Botswana","23_VTR_1","Perrin et al 2026"
"ASOT06","Simulium vernum","PCR , whole mosquitoes","Germany","Eastern Westphalia","Chakarov et al 2020"
"ASOT06","Simulium angustipes","PCR , whole mosquitoes","Germany","Eastern Westphalia","Chakarov et al 2020"
"BLUTI09","Culicoides circumscriptus","PCR, mosquitoes without blood meals","Spain","Donana National Park","Ferraguti et al 2013b"
"BT2","Simulium vernum","PCR, mosquitoes without blood meals","Czech Republic","Fláje Dam","Synek et al 2016"
"BT7","Culex pipiens","PCR , whole mosquitoes","Botswana","KAL_STAT_1","Perrin et al 2026"
"BT7","Culex pipiens","PCR , whole mosquitoes","Botswana","19_VTR","Perrin et al 2026"
"BT7","Culex sasai","PCR, abdomen with blood meal","Japan",,"Kim et al 2009a"
"BUBT3","Simulium angustipes","PCR , whole mosquitoes","Germany","Eastern Westphalia","Chakarov et al 2020"
"BUBT3","Simulium lundstromi","PCR , whole mosquitoes","Germany","Eastern Westphalia","Chakarov et al 2020"
"BUL07","Uranotaenia alboabdominalis","PCR, head and thorax","Madagascar","Maromizaha","Schmid et al 2017a"
"BUL07","Uranotaenia neireti","PCR, head and thorax","Madagascar","Maromizaha","Schmid et al 2017a"
"BUTBUT03","Simulium vernum","PCR , whole mosquitoes","Germany","Eastern Westphalia","Chakarov et al 2020"
"BUVIR03","Simulium silvestre","PCR , whole mosquitoes","United States","Gothic","Murdock et al 2015"
"CAMRUB01","Psorophora discrucians","PCR , whole mosquitoes","Brazil","Mata Seca State Park","Ferreira et al 2016"
"CARFLA04","Simulium silvestre","PCR , whole mosquitoes","United States","Gothic","Murdock et al 2015"
"CB1","Simulium silvestre","PCR , whole mosquitoes","United States","Gothic","Murdock et al 2015"
"CCF2","Culicoides kibunensis","PCR , whole mosquitoes","Lithuania","Vilnius Botanical Garden","Chagas et al 2024"
"CCF3","Culicoides segnis","Unkown","Lithuania","Puvociai","Chagas et al 2022"
"CCF3","Culicoides segnis","Unkown","Lithuania","Verkiai Park","Chagas et al 2022"
"CCF4","Culicoides segnis","PCR, thorax, unfed","Czech Republic","Bohemia Forest, Vltava river valley","Synek et al 2013b"
"CCF5","Culicoides kibunensis","PCR , whole mosquitoes","Lithuania","Vilnius Botanical Garden","Chagas et al 2024"
"CHLFLA01","Culex stigmatosoma","PCR, abdomen","Mexico","Xalapa, Ver","Guillén-Rodríguez et al unpubl"
"CHLFLA01","Ochlerotatus angustivittatus","PCR, abdomen","Mexico","Xalapa, Ver","Guillén-Rodríguez et al unpubl"
"CHLFLA01","Culex rejector","PCR, abdomen","Mexico","Xalapa, Ver","Guillén-Rodríguez et al unpubl"
"CHLFLA01","Culex derivator","PCR, abdomen","Mexico","Xalapa, Ver","Guillén-Rodríguez et al unpubl"
"CIRCUM01","Culicoides circumscriptus","PCR, mosquitoes without blood meals","Spain","Donana National Park","Ferraguti et al 2013b"
"CIRCUM02","Culicoides circumscriptus","PCR, mosquitoes without blood meals","Spain","Donana National Park","Ferraguti et al 2013b"
"CIRCUM03","Culicoides circumscriptus","PCR, mosquitoes without blood meals","Spain","Donana National Park","Ferraguti et al 2013b"
"CIRCUM05","Culex pipiens","PCR, abdomen with blood meal","Italy",,"Martinez-de la Puente et al 2015"
"CIRCUM05","Culicoides circumscriptus","PCR, mosquitoes without blood meals","Spain","Donana National Park","Ferraguti et al 2013b"
"CIRCUM05","Culicoides segnis","PCR , whole mosquitoes","Lithuania","Brinkiskes","Chagas et al 2024"
"CNEORN01","Simulium silvestre","PCR , whole mosquitoes","United States","Gothic","Murdock et al 2015"
"COBRA02","Simulium silvestre","PCR , whole mosquitoes","United States","Gothic","Murdock et al 2015"
"COBRA05","Simulium silvestre","PCR , whole mosquitoes","United States","Gothic","Murdock et al 2015"
"COCOR03","Simulium vernum","PCR , whole mosquitoes","Germany","Eastern Westphalia","Chakarov et al 2020"
"COCOR09","Simulium vernum","PCR , whole mosquitoes","Germany","Eastern Westphalia","Chakarov et al 2020"
"COCOR12","Simulium aureum","PCR , whole mosquitoes","Germany","Eastern Westphalia","Chakarov et al 2020"
"COCOR13","Simulium angustipes","PCR , whole mosquitoes","Germany","Eastern Westphalia","Chakarov et al 2020"
"COCOR13","Simulium lundstromi","PCR , whole mosquitoes","Germany","Eastern Westphalia","Chakarov et al 2020"
"COCOR13","Simulium rubzovianum","PCR , whole mosquitoes","Germany","Eastern Westphalia","Chakarov et al 2020"
"COCOR15","Culex pipiens","PCR , whole mosquitoes","Japan","Nihon University farm","Shirotani et al 2009"
"COCOR15","Culicoides punctatus","Unkown","Japan","Nihon University farm","Inumaru et al 2023"
"COCOR15","Culicoides arakawae","Unkown","Japan","Nihon University farm","Inumaru et al 2023"
"COCOR15","Culicoides kibunensis","Unkown","Japan","Nihon University farm","Inumaru et al 2023"
"COLBF01","Greniera denaria","PCR , whole mosquitoes","United States","Gothic","Murdock et al 2015"
"COLBF01","Simulium silvestre","PCR , whole mosquitoes","United States","Gothic","Murdock et al 2015"
"COLBF03","Simulium silvestre","PCR , whole mosquitoes","United States","Gothic","Murdock et al 2015"
"COLBF04","Simulium silvestre","PCR , whole mosquitoes","United States","Gothic","Murdock et al 2015"
"COLBF06","Simulium silvestre","PCR , whole mosquitoes","United States","Gothic","Murdock et al 2015"
"COLBF08","Simulium silvestre","PCR , whole mosquitoes","United States","Gothic","Murdock et al 2015"
"COLBF09","Simulium silvestre","PCR , whole mosquitoes","United States","Gothic","Murdock et al 2015"
"COLBF10","Simulium silvestre","PCR , whole mosquitoes","United States","Gothic","Murdock et al 2015"
"COLBF14","Simulium silvestre","PCR , whole mosquitoes","United States","Gothic","Murdock et al 2015"
"COLBF15","Simulium silvestre","PCR , whole mosquitoes","United States","Gothic","Murdock et al 2015"
"COLBF16","Simulium silvestre","PCR , whole mosquitoes","United States","Gothic","Murdock et al 2015"
"COLBF17","Simulium silvestre","PCR , whole mosquitoes","United States","Gothic","Murdock et al 2015"
"COLBF19","Simulium silvestre","PCR , whole mosquitoes","United States","Gothic","Murdock et al 2015"
"COLBF21","Simulium silvestre","PCR , whole mosquitoes","United States","Gothic","Murdock et al 2015"
"COLBF22","Simulium silvestre","PCR , whole mosquitoes","United States","Gothic","Murdock et al 2015"
"COLBF23","Simulium silvestre","PCR , whole mosquitoes","United States","Gothic","Murdock et al 2015"
"COLBF24","Simulium silvestre","PCR , whole mosquitoes","United States","Gothic","Murdock et al 2015"
"COLBF25","Simulium silvestre","PCR , whole mosquitoes","United States","Gothic","Murdock et al 2015"
"COLBF28","Simulium silvestre","PCR , whole mosquitoes","United States","Gothic","Murdock et al 2015"
"COLBF29","Simulium silvestre","PCR , whole mosquitoes","United States","Gothic","Murdock et al 2015"
"COLBF31","Simulium silvestre","PCR , whole mosquitoes","United States","Gothic","Murdock et al 2015"
"COLBF32","Simulium silvestre","PCR , whole mosquitoes","United States","Gothic","Murdock et al 2015"
"COLL1","Culex pipiens","PCR , whole mosquitoes","France","Mejanes","Zele et al 2014"
"COLL1","Culex pipiens","PCR, head and thorax","Switzerland","Dorigny, Lausanne","Lalubin et al 2013"
"COLL1","Culex perexiguus","PCR, head and thorax","Spain","Canada de los Pajaros","Ferraguti et al 2013a"
"COLL11","Culex naevei","PCR , whole mosquitoes","Botswana","20_OKA1","Perrin et al 2026"
"COLL7","Uranotaenia sp.","PCR, head and thorax","Madagascar","Maromizaha","Schmid et al 2017a"
"COQUI01","Coquillettidia aurites","PCR, head and thorax","Cameroon","Ndibi","Njabo et al 2009"
"COQUI01","Coquillettidia aurites","PCR, head and thorax","Cameroon","Nkouak","Njabo et al 2009"
"COQUI02","Coquillettidia aurites","PCR, head and thorax","Cameroon","Nkouak","Njabo et al 2009"
"COQUI03","Coquillettidia metallica","PCR, head and thorax","Cameroon","Ndibi","Njabo et al 2009"
"COQUI04","Coquillettidia aurites","PCR, head and thorax","Cameroon","Nkouak","Njabo et al 2009"
"COQUI05","Coquillettidia aurites","PCR, head and thorax","Cameroon","Ndibi","Njabo et al 2009"
"COQUI06","Coquillettidia aurites","PCR, thorax, absence of host DNA","Cameroon",,"Njabo et al 2011"
"COQUI06","Coquillettidia pseudoconopas","PCR, thorax, absence of host DNA","Cameroon",,"Njabo et al 2011"
"COQUI07","Coquillettidia aurites","PCR, thorax, absence of host DNA","Cameroon",,"Njabo et al 2011"
"COQUI08","Coquillettidia aurites","PCR, thorax, absence of host DNA","Cameroon",,"Njabo et al 2011"
"CORMAC04","Culicoides arakawae","Unkown","Japan","Nihon University farm","Inumaru et al 2023"
"CUKI1","Culicoides kibunensis","PCR, thorax, unfed","Czech Republic","Bohemia Forest, Vltava river valley","Synek et al 2013b"
"CUKI1","Culicoides kibunensis","PCR , whole mosquitoes","Lithuania","Vilnius Botanical Garden","Chagas et al 2024"
"CUKI1","Culicoides segnis","PCR, thorax, unfed","Czech Republic","Bohemia Forest, Vltava river valley","Synek et al 2013b"
"CULARA01","Culicoides arakawae","Unkown","Japan","Nihon University farm","Inumaru et al 2023"
"CULARA02","Culicoides arakawae","Unkown","Japan","Nihon University farm","Inumaru et al 2023"
"CULCIR01","Culicoides circumscriptus","PCR , whole mosquitoes","Bulgaria","Kalimok","Bobeva et al 2013"
"CULDER01","Culex derivator","PCR, abdomen","Mexico","Xalapa, Ver","Guillén-Rodríguez et al unpubl"
"CULEX01","Culex sp.","PCR , whole mosquitoes","Brazil","Mata Seca State Park","Ferreira et al 2016"
"CULEX02","Culex sp.","PCR , whole mosquitoes","Brazil","Mata Seca State Park","Ferreira et al 2016"
"CULEX03","Culex sp.","PCR , whole mosquitoes","Brazil","Mata Seca State Park","Ferreira et al 2016"
"CULEX04","Culex sp.","PCR , whole mosquitoes","Brazil","Mata Seca State Park","Ferreira et al 2016"
"CULEX05","Culex sp.","PCR, head and thorax","Brazil",,"Guimaraes et al 2021"
"CULEX06","Culex sp.","PCR, head and thorax","Brazil",,"Guimaraes et al 2021"
"CULFES01","Culicoides festivipennis","PCR , whole mosquitoes","Lithuania","Vilnius Botanical Garden","Chagas et al 2024"
"CULKIB01","Culicoides kibunensis","PCR, thorax, unfed","Germany","Mooswald Forest","Santiago-Alarcon et al 2013"
"CULKIB01","Culicoides pictipennis","PCR , whole mosquitoes","Lithuania","Verkiai Park","Chagas et al 2024"
"CULKIB02","Culicoides kibunensis","Unkown","Lithuania","Vilnius Botanical Garden","Chagas et al 2022"
"CULKIB03","Culicoides kibunensis","Unkown","Lithuania","Vilnius Botanical Garden","Chagas et al 2022"
"CULKIB04","Culicoides kibunensis","PCR , whole mosquitoes","Lithuania","Vilnius Botanical Garden","Chagas et al 2024"
"CULKIB05","Culicoides kibunensis","PCR , whole mosquitoes","Lithuania","Vilnius Botanical Garden","Chagas et al 2024"
"CULMAX01","Culex maxi","PCR, head and thorax","Brazil",,"Guimaraes et al 2021"
"CULNAV03","Culex univittatus","PCR , whole mosquitoes","Botswana","23_VTR_Center4","Perrin et al 2026"
"CULNAV03","Culex naevei","PCR , whole mosquitoes","Botswana","20_OKA1","Perrin et al 2026"
"CULOBS01","Culicoides obsoletus","PCR , whole mosquitoes","Lithuania","Puvociai","Chagas et al 2024"
"CULPER01","Culex perexiguus","PCR , whole mosquitoes","Botswana","KAL_STAT_2","Perrin et al 2026"
"CULPER02","Culex perexiguus","PCR , whole mosquitoes","Botswana","23_VTR_Center3","Perrin et al 2026"
"CULPIC01","Culicoides pictipennis","PCR , whole mosquitoes","Lithuania","Vilnius Botanical Garden","Chagas et al 2024"
"CULPIC02","Culicoides pictipennis","PCR , whole mosquitoes","Lithuania","Vilnius Botanical Garden","Chagas et al 2024"
"CULPIP01","Culex pipiens","PCR , whole mosquitoes","Botswana","19_VTR","Perrin et al 2026"
"CULPIP02","Culex pipiens","PCR , whole mosquitoes","Botswana","19_VTR","Perrin et al 2026"
"CULPIP03","Culex pipiens","PCR , whole mosquitoes","Botswana","19_VTR","Perrin et al 2026"
"CULPIP04","Culex pipiens","PCR , whole mosquitoes","Botswana","19_VTR","Perrin et al 2026"
"CULPIP05","Culex pipiens","PCR , whole mosquitoes","Botswana","KAL_STAT_1","Perrin et al 2026"
"CULPIP06","Culex pipiens","PCR , whole mosquitoes","Botswana","19_VTR","Perrin et al 2026"
"CULPIP07","Culex pipiens","PCR , whole mosquitoes","Botswana","19_VTR","Perrin et al 2026"
"CULREJ02","Culex rejector","PCR, abdomen","Mexico","Xalapa, Ver","Guillén-Rodríguez et al unpubl"
"CULSCO01","Culicoides scoticus","PCR, thorax, unfed","Germany","Mooswald Forest","Santiago-Alarcon et al 2013"
"CULSP01","Culex sp.","PCR , whole mosquitoes","Botswana","20_OKA2","Perrin et al 2026"
"CULSP02","Culex sp.","PCR , whole mosquitoes","Botswana","20_OKA1","Perrin et al 2026"
"CULSP03","Culex sp.","PCR , whole mosquitoes","Botswana","KAL_STAT_4","Perrin et al 2026"
"CULSP04","Culex sp.","PCR , whole mosquitoes","Botswana","20_OKA2","Perrin et al 2026"
"CULSTI02","Culex stigmatosoma","PCR, abdomen","Mexico","Xalapa, Ver","Guillén-Rodríguez et al unpubl"
"CULUNI02","Culex univittatus","PCR , whole mosquitoes","Botswana","23_VTR_1","Perrin et al 2026"
"CWT4","Culicoides obsoletus","PCR , whole mosquitoes","Lithuania","Puvociai","Chagas et al 2024"
"CXBIT01","Culex bitaeniorhynchus","PCR, thorax, unfed","Japan","Sakata wetland","Kim & Tsuda 2012"
"CXINA01","Culex inatomii","PCR, thorax, unfed","Japan","Sakata wetland","Kim & Tsuda 2012"
"CXINA01","Culex inatomii","PCR, oocysts and sporozoites","Japan","Sakata wetland","Kim & Tsuda 2015"
"CXINA02","Culex inatomii","PCR, oocysts and sporozoites","Japan","Sakata wetland","Kim & Tsuda 2015"
"CXNEA01","Culex neavei","PCR, thorax, absence of host DNA","Cameroon",,"Njabo et al 2011"
"CXNEA02","Culex neavei","PCR, thorax, absence of host DNA","Cameroon",,"Njabo et al 2011"
"CXNIG01","Culex nigropunctatus","PCR , whole mosquitoes","Japan","Iriomote Island","Ejiri et al 2011b"
"CXNIG01","Culex nigropunctatus","PCR , whole mosquitoes","Japan","Ishigaki Island","Ejiri et al 2011b"
"CXPER01","Culex perfidiosus","PCR, thorax, absence of host DNA","Cameroon",,"Njabo et al 2011"
"CXPER01","Culex neavei","PCR, thorax, absence of host DNA","Cameroon",,"Njabo et al 2011"
"CXPER01","Culex perexiguus","PCR, head and thorax","Spain","Canada de los Pajaros","Ferraguti et al 2013a"
"CXPER02","Culex perfidiosus","PCR, thorax, absence of host DNA","Cameroon",,"Njabo et al 2011"
"CXPER03","Culex perfidiosus","PCR, thorax, absence of host DNA","Cameroon",,"Njabo et al 2011"
"CXPIP01","Culex pipiens","PCR, mosquitoes without blood meals","United States",,"Kimura et al 2010"
"CXPIP02","Culex pipiens","PCR, mosquitoes without blood meals","United States",,"Kimura et al 2010"
"CXPIP03","Culex pipiens","PCR, mosquitoes without blood meals","United States",,"Kimura et al 2010"
"CXPIP04","Culex pipiens","PCR, mosquitoes without blood meals","United States",,"Kimura et al 2010"
"CXPIP05","Culex pipiens","PCR, mosquitoes without blood meals","United States",,"Kimura et al 2010"
"CXPIP06","Culex pipiens","PCR, mosquitoes without blood meals","United States",,"Kimura et al 2010"
"CXPIP06","Culex quinquefasciatus","Unkown","Japan","Chichijima","Inumaru et al unpubl a"
"CXPIP06","Culex boninensis","Unkown","Japan","Chichijima","Inumaru et al unpubl a"
"CXPIP07","Culex pipiens","PCR, mosquitoes without blood meals","United States",,"Kimura et al 2010"
"CXPIP09","Aedes albopictus","PCR, abdomen","Japan","Nihon University farm","Odagawa et al 2022"
"CXPIP09","Culex pipiens","PCR , whole mosquitoes","Japan",,"Ejiri et al 2009"
"CXPIP09","Culex pipiens","PCR, abdomen with blood meal","Japan",,"Kim et al 2009b"
"CXPIP09","Culex pipiens","PCR, mosquitoes without blood meals","Japan",,"Kim et al 2009b"
"CXPIP09","Culex pipiens","PCR, mosquitoes without blood meals","Japan",,"Kim et al 2009b"
"CXPIP09","Culex pipiens","PCR, thorax, absence of host DNA","Japan","Rinshi-no-mori Park","Kim & Tsuda 2010"
"CXPIP09","Culex pipiens","PCR, oocysts and sporozoites","Japan","Rinshi-no-mori Park","Kim & Tsuda 2015"
"CXPIP09","Culex pipiens","PCR, thorax, blood filled","Japan","Ueno Zoological Gardens Tokyo","Ejiri et al 2011a"
"CXPIP09","Culex pipiens","PCR, thorax, unfed","Japan","Sakata wetland","Kim & Tsuda 2012"
"CXPIP09","Culex pipiens","PCR , whole mosquitoes","Japan","Nihon University farm","Shirotani et al 2009"
"CXPIP09","Culex pipiens","PCR, head-thorax/abdomen","Japan","Nihon University farm","Odagawa et al 2022"
"CXPIP09","Culex pipiens","PCR, abdomen, blood filled","Japan","Marinepia Aquarium","Inumaru et al 2021a"
"CXPIP09","Culex pipiens","PCR, abdomen, blood filled","Japan","Marinepia","Inumaru et al 2021a"
"CXPIP09","Culex inatomii","PCR, thorax, unfed","Japan","Sakata wetland","Kim & Tsuda 2012"
"CXPIP09","Culex sasai","PCR, abdomen with blood meal","Japan",,"Kim et al 2009a"
"CXPIP09","Lutzia vorax","PCR , whole mosquitoes","Japan",,"Ejiri et al 2009"
"CXPIP09","Lutzia vorax","PCR, mosquitoes without blood meals","Japan",,"Kim et al 2009b"
"CXPIP10","Culex pipiens","PCR, mosquitoes without blood meals","Japan",,"Kim et al 2009b"
"CXPIP10","Culex pipiens","PCR, thorax, unfed","Japan","Sakata wetland","Kim & Tsuda 2012"
"CXPIP10","Culex inatomii","PCR, thorax, unfed","Japan","Sakata wetland","Kim & Tsuda 2012"
"CXPIP10","Culex perexiguus","PCR, head and thorax","Spain","Canada de los Pajaros","Ferraguti et al 2013a"
"CXPIP11","Culex pipiens","PCR, thorax, absence of host DNA","Japan","Rinshi-no-mori Park","Kim & Tsuda 2010"
"CXPIP12","Culex pipiens","PCR, thorax, absence of host DNA","Japan","Rinshi-no-mori Park","Kim & Tsuda 2010"
"CXPIP12","Culicoides kibunensis","Unkown","Japan","Nihon University farm","Inumaru et al 2023"
"CXPIP13","Culex pipiens","PCR, thorax, absence of host DNA","Japan","Rinshi-no-mori Park","Kim & Tsuda 2010"
"CXPIP14","Culex pipiens","PCR, thorax, absence of host DNA","Japan","Rinshi-no-mori Park","Kim & Tsuda 2010"
"CXPIP15","Culex pipiens","PCR, abdomen, blood filled","Japan","Ueno Zoological Gardens Tokyo","Ejiri et al 2011a"
"CXPIP16","Culex pipiens","PCR, abdomen, blood filled","Japan","Ueno Zoological Gardens Tokyo","Ejiri et al 2011a"
"CXPIP17","Culex pipiens","PCR, abdomen, blood filled","Japan","Ueno Zoological Gardens Tokyo","Ejiri et al 2011a"
"CXPIP18","Culex pipiens","PCR, abdomen, blood filled","Japan","Ueno Zoological Gardens Tokyo","Ejiri et al 2011a"
"CXPIP18","Culicoides pictimargo","Unkown","Japan","Nihon University farm","Inumaru et al 2023"
"CXPIP18","Culicoides sigaensis","Unkown","Japan","Nihon University farm","Inumaru et al 2023"
"CXPIP19","Culex pipiens","PCR, abdomen, blood filled","Japan","Ueno Zoological Gardens Tokyo","Ejiri et al 2011a"
"CXPIP19","Culex pipiens","PCR , whole mosquitoes","Japan","Nihon University farm","Shirotani et al 2009"
"CXPIP19","Culex pipiens","PCR, abdomen","Japan","Nihon University farm","Odagawa et al 2022"
"CXPIP19","Culicoides arakawae","Unkown","Japan","Nihon University farm","Inumaru et al 2023"
"CXPIP19","Culicoides sigaensis","Unkown","Japan","Nihon University farm","Inumaru et al 2023"
"CXPIP20","Culex pipiens","PCR, head and thorax","Turkey",,"Inci et al 2012"
"CXPIP21","Culex pipiens","PCR, head and thorax","Turkey",,"Inci et al 2012"
"CXPIP22","Culex pipiens","PCR, head and thorax","Turkey",,"Inci et al 2012"
"CXPIP23","Culex pipiens","PCR, head and thorax","Turkey",,"Inci et al 2012"
"CXPIP23","Ochlerotatus caspius","PCR, head and thorax","Spain","Canada de los Pajaros","Ferraguti et al 2013a"
"CXPIP24","Culex pipiens","PCR , whole mosquitoes","France","Tour Carbonniere","Zele et al 2014"
"CXPIP25","Culex pipiens","PCR , whole mosquitoes","France","Sussargues","Zele et al 2014"
"CXPIP26","Culex pipiens","PCR , whole mosquitoes","France","Tour Carbonniere","Zele et al 2014"
"CXPIP27","Culex pipiens","PCR , whole mosquitoes","France","Mejanes","Zele et al 2014"
"CXPIP27","Culex pipiens","PCR , whole mosquitoes","France","Marais du Vigueirat","Zele et al 2014"
"CXPIP28","Culex pipiens","PCR, abdomen with blood meal","Italy",,"Martinez-de la Puente et al 2015"
"CXPIP29","Culex pipiens","PCR, head and thorax","Madagascar","Maromizaha","Schmid et al 2017a"
"CXPIP30","Culex pipiens","PCR, head and thorax","Madagascar","Maromizaha","Schmid et al 2017a"
"CXPIP31","Culex pipiens","PCR, thorax, unfed","Japan","Kushiro Zoo","Ejiri et al 2011c"
"CXPIP32","Culex pipiens","Unkown","Italy","Zoomarine","Iurescia et al unpubl"
"CXPIP33","Culex pipiens","Unkown","Italy","Zoomarine","Iurescia et al unpubl"
"CXPIP36","Culex univittatus","PCR , whole mosquitoes","Botswana","23_VTR_2","Perrin et al 2026"
"CXPIP36","Culex univittatus","PCR , whole mosquitoes","Botswana","23_VTR_1","Perrin et al 2026"
"CXPIP36","Culex perexiguus","PCR , whole mosquitoes","Botswana","23_VTR_Center3","Perrin et al 2026"
"CXPOI01","Culex poicilipes","PCR, thorax, absence of host DNA","Cameroon",,"Njabo et al 2011"
"CXQUI01","Culex pipiens","PCR, thorax, unfed","Japan","Sakata wetland","Kim & Tsuda 2012"
"CXQUI01","Culex quinquefasciatus","PCR , whole mosquitoes","Japan",,"Ejiri et al 2008"
"CXQUI01","Culex inatomii","PCR, thorax, unfed","Japan","Sakata wetland","Kim & Tsuda 2012"
"CXQUI01","Culex inatomii","PCR, oocysts and sporozoites","Japan","Sakata wetland","Kim & Tsuda 2015"
"CXQUI02","Culex quinquefasciatus","PCR , whole mosquitoes","Japan",,"Ejiri et al 2008"
"CXQUI03","Culex quinquefasciatus","PCR , whole mosquitoes","Japan",,"Ejiri et al 2008"
"CXQUI04","Culex quinquefasciatus","PCR, head and thorax","Mexico","Socorro Island","Carlson et al 2011"
"CXRES01","Culex restuans","PCR, mosquitoes without blood meals","United States",,"Kimura et al 2010"
"CXRES02","Culex restuans","PCR, mosquitoes without blood meals","United States",,"Kimura et al 2010"
"CXRES03","Culex restuans","PCR, mosquitoes without blood meals","United States",,"Kimura et al 2010"
"CXRES04","Culex restuans","PCR, mosquitoes without blood meals","United States",,"Kimura et al 2010"
"CXRES05","Culex restuans","PCR, mosquitoes without blood meals","United States",,"Kimura et al 2010"
"CXRES06","Culex restuans","PCR, abdomen with blood meal","Mexico","Park Molinas de San Roque","Abella-Medrano et al 2018"
"CXRES06","Culex restuans","PCR, abdomen with blood meal","Mexico","Francisco Xavier Clavijero Park","Abella-Medrano et al 2018"
"CXRES06","Aedes quadrivittatus","PCR, abdomen with blood meal","Mexico","Xico","Abella-Medrano et al 2018"
"CXRES06","Aedes quadrivittatus","PCR, abdomen with blood meal","Mexico","Francisco Xavier Clavijero Park","Abella-Medrano et al 2018"
"CXRES06","Wyeomyia adelpha","PCR, abdomen with blood meal","Mexico","Francisco Xavier Clavijero Park","Abella-Medrano et al 2018"
"CXTHE01","Culex theileri","PCR, head and thorax","Turkey",,"Inci et al 2012"
"CXTRI01","Culex tritaeniorhynchus","PCR, thorax, unfed","Japan","Sakata wetland","Kim & Tsuda 2012"
"CYAOLI04","Ochlerotatus taeniorhynchus","PCR, head and thorax","Mexico","Socorro Island","Carlson et al 2011"
"DELURB4","Culex pipiens","PCR , whole mosquitoes","Austria",,"Schoener et al 2017"
"DELURB4","Culex pipiens","PCR , whole mosquitoes","France","Sussargues","Zele et al 2014"
"DELURB4","Culex pipiens","PCR , whole mosquitoes","France","Tour Carbonniere","Zele et al 2014"
"DELURB4","Culex pipiens","PCR , whole mosquitoes","France","Mejanes","Zele et al 2014"
"DELURB4","Culex pipiens","PCR , whole mosquitoes","France","Marais du Vigueirat","Zele et al 2014"
"DELURB4","Culex pipiens","PCR, abdomen with blood meal","Italy",,"Martinez-de la Puente et al 2015"
"DELURB5","Culex pipiens","PCR , whole mosquitoes","France","Tour Carbonniere","Zele et al 2014"
"DELURB5","Culex pipiens","PCR , whole mosquitoes","France","Mejanes","Zele et al 2014"
"DELURB5","Culex pipiens","PCR , whole mosquitoes","France","Marais du Vigueirat","Zele et al 2014"
"DELURB5","Culex theileri","PCR, head and thorax","Spain","Canada de los Pajaros","Ferraguti et al 2013a"
"DELURB5","Culex perexiguus","PCR, head and thorax","Spain","Canada de los Pajaros","Ferraguti et al 2013a"
"DENPET03","Aedes albopictus","PCR, head and thorax","Brazil",,"Guimaraes et al 2021"
"DENPET03","Culex coronator","PCR, head and thorax","Brazil",,"Guimaraes et al 2021"
"DENPET03","Ochlerotatus scapularis","PCR, head and thorax","Brazil",,"Guimaraes et al 2021"
"DENPET03","Ochlerotatus scapularis","PCR, head and thorax","Brazil",,"Guimaraes et al 2021"
"DENPET03","Ochlerotatus scapularis","PCR, head and thorax","Brazil",,"Guimaraes et al 2021"
"DENPET03","Ochlerotatus scapularis","PCR, head and thorax","Brazil",,"Guimaraes et al 2021"
"DENPET03","Mansonia sp.","PCR, head and thorax","Brazil",,"Guimaraes et al 2021"
"DONANA01","Culex perexiguus","PCR, head and thorax","Spain","Canada de los Pajaros","Ferraguti et al 2013a"
"DONANA02","Culex modestus","PCR, head and thorax","Spain","Canada de los Pajaros","Ferraguti et al 2013a"
"DONANA03","Culex pipiens","PCR , whole mosquitoes","Austria",,"Schoener et al 2017"
"DONANA03","Culex modestus","PCR, head and thorax","Spain","Canada de los Pajaros","Ferraguti et al 2013a"
"DONANA04","Culex modestus","PCR, head and thorax","Spain","Canada de los Pajaros","Ferraguti et al 2013a"
"DONANA05","Culex pipiens","PCR , whole mosquitoes","France","Tour Carbonniere","Zele et al 2014"
"DONANA05","Culex perexiguus","PCR, head and thorax","Spain","Canada de los Pajaros","Ferraguti et al 2013a"
"DONANA08","Ochlerotatus caspius","PCR, head and thorax","Spain","Canada de los Pajaros","Ferraguti et al 2013a"
"EMCIR01","Ochlerotatus taeniorhynchus","PCR, thorax, absence of host DNA","Ecuador",,"Bataille et al 2012"
"EUSE1","Simulium securiforme","PCR, thorax, unfed","Czech Republic","Bohemia Forest, Vltava river valley","Synek et al 2013b"
"EUSE2","Simulium vernum","PCR, mosquitoes without blood meals","Czech Republic","Fláje Dam","Synek et al 2016"
"EUSE2","Simulium vernum","PCR , whole mosquitoes","Germany","Eastern Westphalia","Chakarov et al 2020"
"EUSE2","Simulium securiforme","PCR, thorax, unfed","Czech Republic","Bohemia Forest, Vltava river valley","Synek et al 2013b"
"GAGLA03","Culex pipiens","PCR , whole mosquitoes","France","Sussargues","Zele et al 2014"
"GAGLA03","Culicoides circumscriptus","PCR, mosquitoes without blood meals","Spain","Donana National Park","Ferraguti et al 2013b"
"GAGLA06","Simulium vernum","PCR , whole mosquitoes","Germany","Eastern Westphalia","Chakarov et al 2020"
"GALLUS01","Culex pipiens","PCR, thorax, absence of host DNA","Japan","Rinshi-no-mori Park","Kim & Tsuda 2010"
"GALLUS01","Culex pipiens","PCR, thorax, unfed","Japan","Sakata wetland","Kim & Tsuda 2012"
"GALLUS01","Culex pipiens","PCR , whole mosquitoes","Japan","Nihon University farm","Shirotani et al 2009"
"GALLUS01","Culex quinquefasciatus","PCR , whole mosquitoes","Japan",,"Ejiri et al 2008"
"GALLUS01","Armigeres subalbatus","PCR, thorax, unfed","Japan","Sakata wetland","Kim & Tsuda 2012"
"GALLUS01","Aedes esoensis","PCR, thorax, unfed","Japan","Kushiro Zoo","Ejiri et al 2011c"
"GALLUS01","Culex inatomii","PCR, thorax, unfed","Japan","Sakata wetland","Kim & Tsuda 2012"
"GALLUS01","Culex sp.","PCR , whole mosquitoes","Brazil","Mata Seca State Park","Ferreira et al 2016"
"GALLUS02","Culex pipiens","PCR, thorax, unfed","Japan","Sakata wetland","Kim & Tsuda 2012"
"GALLUS02","Culex tritaeniorhynchus","PCR, abdomen, blood filled","Japan","Marinepia Aquarium","Inumaru et al 2021a"
"GALLUS02","Culex tritaeniorhynchus","PCR, abdomen, blood filled","Japan","Marinepia","Inumaru et al 2021a"
"GALLUS17","Simulium chumpornense","PCR, abdomen, blood filled","Thailand",,"Pramual et al 2020"
"GALLUS34","Simulium chumpornense","PCR, abdomen, blood filled","Thailand",,"Pramual et al 2020"
"GALLUS35","Simulium chumpornense","PCR, abdomen, blood filled","Thailand",,"Pramual et al 2020"
"GALLUS37","Simulium chumpornense","PCR, abdomen, blood filled","Thailand",,"Pramual et al 2020"
"GALLUS42","Simulium chumpornense","PCR, abdomen, blood filled","Thailand",,"Pramual et al 2020"
"GALLUS43","Simulium chumpornense","PCR, abdomen, blood filled","Thailand",,"Pramual et al 2020"
"GALLUS44","Simulium asakoae","PCR, abdomen, blood filled","Thailand",,"Pramual et al 2020"
"GALLUS45","Simulium chumpornense","PCR, abdomen, blood filled","Thailand",,"Pramual et al 2020"
"GALLUS46","Simulium chumpornense","PCR, abdomen, blood filled","Thailand",,"Pramual et al 2020"
"GBCAM1","Culex pipiens","PCR , whole mosquitoes","Botswana","19_VTR","Perrin et al 2026"
"GIMIS01","Gigantodax misitu","PCR, salivary gland and mid gut","Colombia","Chingaza PNN","Lotta et al 2016"
"GRW04","Culex pipiens","PCR, oocysts and sporozoites","Japan","Rinshi-no-mori Park","Kim & Tsuda 2015"
"GRW04","Culex pipiens","PCR, thorax, unfed","Japan","Sakata wetland","Kim & Tsuda 2012"
"GRW04","Culex pipiens","PCR, abdomen","Japan","Nihon University farm","Odagawa et al 2022"
"GRW04","Culex pipiens","PCR, head and thorax","Madagascar","Maromizaha","Schmid et al 2017a"
"GRW04","Culex quinquefasciatus","PCR , whole mosquitoes","Japan",,"Ejiri et al 2008"
"GRW04","Uranotaenia sp.","PCR, head and thorax","Madagascar","Maromizaha","Schmid et al 2017a"
"GRW06","Culex pipiens","PCR , whole mosquitoes","Austria",,"Schoener et al 2017"
"GRW06","Culex pipiens","PCR , whole mosquitoes","France","Tour Carbonniere","Zele et al 2014"
"GRW06","Culex pipiens","PCR , whole mosquitoes","France","Marais du Vigueirat","Zele et al 2014"
"GRW06","Coquillettidia aurites","PCR, thorax, absence of host DNA","Cameroon",,"Njabo et al 2011"
"GRW06","Culex annulioris","PCR, thorax, absence of host DNA","Cameroon",,"Njabo et al 2011"
"GRW09","Coquillettidia aurites","PCR, head and thorax","Cameroon",,"Njabo et al 2009"
"GRW09","Coquillettidia metallica","PCR, head and thorax","Cameroon",,"Njabo et al 2009"
"GRW09","Coquillettidia pseudoconopas","PCR, head and thorax","Cameroon",,"Njabo et al 2009"
"GRW09","Culex neavei","PCR, thorax, absence of host DNA","Cameroon",,"Njabo et al 2011"
"GRW09","Culex guiarti","PCR, thorax, absence of host DNA","Cameroon",,"Njabo et al 2011"
"GRW09","Anopheles mascarensis","PCR, head and thorax","Madagascar","Maromizaha","Schmid et al 2017a"
"GRW11","Culex pipiens","PCR , whole mosquitoes","France","Tour Carbonniere","Zele et al 2014"
"GRW11","Culex pipiens","PCR, abdomen with blood meal","Italy",,"Martinez-de la Puente et al 2015"
"GRW11","Culex pipiens","PCR, abdomen with blood meal","Japan",,"Kim et al 2009b"
"GRW11","Culex pipiens","PCR, thorax, absence of host DNA","Japan","Rinshi-no-mori Park","Kim & Tsuda 2010"
"GRW11","Culex pipiens","PCR, oocysts and sporozoites","Japan","Rinshi-no-mori Park","Kim & Tsuda 2015"
"GRW11","Culex pipiens","Experimental infection","Lithuania",,"Kazlauskiene et al 2013"
"GRW11","Culex pipiens","PCR, thorax, unfed","Switzerland",,"Glaizot et al 2012"
"GRW11","Culex pipiens","PCR, head and thorax","Switzerland","Dorigny, Lausanne","Lalubin et al 2013"
"GRW11","Culex quinquefasciatus","PCR , whole mosquitoes","Japan",,"Ejiri et al 2008"
"HAWF2","Culicoides circumscriptus","PCR , whole mosquitoes","Bulgaria","Kalimok","Bobeva et al 2013"
"HAWF6","Culicoides kibunensis","PCR , whole mosquitoes","Lithuania","Vilnius Botanical Garden","Chagas et al 2024"
"HAWF6","Uranotaenia sp.","PCR, head and thorax","Madagascar","Maromizaha","Schmid et al 2017a"
"HEVER01","Gigantodax misitu","PCR, salivary gland and mid gut","Colombia","Chingaza PNN","Lotta et al 2016"
"HIICT1","Culicoides obsoletus","Unkown","Lithuania","Vilnius Botanical Garden","Chagas et al 2022"
"HIICT1","Culicoides festivipennis","Unkown","Lithuania","Verkiai Park","Chagas et al 2022"
"HIICT1","Culicoides festivipennis","Unkown","Lithuania","Vilnius Botanical Garden","Chagas et al 2022"
"HIICT1","Culicoides festivipennis","PCR , whole mosquitoes","Lithuania","Vilnius Botanical Garden","Chagas et al 2024"
"HIICT1","Culicoides festivipennis","PCR , whole mosquitoes","Lithuania","Brinkiskes","Chagas et al 2024"
"HIICT1","Culicoides kibunensis","Unkown","Lithuania","Vilnius Botanical Garden","Chagas et al 2022"
"HIICT1","Culicoides kibunensis","PCR , whole mosquitoes","Lithuania","Vilnius Botanical Garden","Chagas et al 2024"
"HIICT1","Culicoides pictipennis","PCR , whole mosquitoes","Lithuania","Vilnius Botanical Garden","Chagas et al 2024"
"HIICT1","Culicoides pallidicornis","Unkown","Lithuania","Old lady house","Chagas et al 2022"
"LAMUT01","Simulium uchidai","PCR, salivary gland and mid gut","Japan",,"Sato et al 2009"
"LAMUT01","Simulium japonicum","PCR, salivary gland and mid gut","Japan",,"Sato et al 2009"
"LAMUT01","Prosimulium hirtipes","PCR, salivary gland and mid gut","Japan",,"Sato et al 2009"
"LINN1","Culex pipiens","PCR , whole mosquitoes","Austria",,"Schoener et al 2017"
"LINN1","Culex pipiens","PCR , whole mosquitoes","France","Tour Carbonniere","Zele et al 2014"
"LINN1","Culex pipiens","PCR, abdomen with blood meal","Italy",,"Martinez-de la Puente et al 2015"
"LINN1","Culex pipiens","PCR, head and thorax","Spain","Canada de los Pajaros","Ferraguti et al 2013a"
"LINN1","Culex pipiens","PCR, mosquitoes without blood meals","United States",,"Kimura et al 2010"
"LINN1","Culex restuans","PCR, mosquitoes without blood meals","United States",,"Kimura et al 2010"
"LINN1","Ochlerotatus caspius","PCR, head and thorax","Spain","Canada de los Pajaros","Ferraguti et al 2013a"
"LINN1","Culex modestus","PCR, head and thorax","Spain","Canada de los Pajaros","Ferraguti et al 2013a"
"LINN1","Culex hortensis","PCR, abdomen with blood meal","Italy",,"Martinez-de la Puente et al 2015"
"LINN1","Culex perexiguus","PCR, head and thorax","Spain","Canada de los Pajaros","Ferraguti et al 2013a"
"LTVOR01","Lutzia vorax","PCR , whole mosquitoes","Japan",,"Ejiri et al 2009"
"LZFUS01","Aedes albopictus","PCR , whole mosquitoes","Japan",,"Ejiri et al 2008"
"LZFUS01","Lutzia fuscanus","PCR , whole mosquitoes","Japan",,"Ejiri et al 2008"
"MALNI02","Mansonia uniformis","PCR , whole mosquitoes","Botswana","20_OKA1","Perrin et al 2026"
"MALNI02","Mansonia africana","PCR , whole mosquitoes","Botswana","20_OKA1","Perrin et al 2026"
"MALNI02","Culex sp.","PCR , whole mosquitoes","Botswana","20_VTR","Perrin et al 2026"
"MANAFR01","Mansonia africana","PCR , whole mosquitoes","Botswana","20_OKA1","Perrin et al 2026"
"MANAFR02","Mansonia africana","PCR , whole mosquitoes","Botswana","20_OKA1","Perrin et al 2026"
"MANAFR02","Coquillettidia sp.","PCR , whole mosquitoes","Botswana","20_OKA1","Perrin et al 2026"
"MANSON01","Mansonia sp. 1 BR-2012","PCR , whole mosquitoes","Japan",,"Ejiri et al 2008"
"MANSON02","Mansonia uniformis","PCR, thorax, absence of host DNA","Cameroon",,"Njabo et al 2011"
"MANUNI01","Mansonia uniformis","PCR , whole mosquitoes","Botswana","23_Selinda_2","Perrin et al 2026"
"MATIT01","Mansonia titillans","PCR , whole mosquitoes","Brazil","Mata Seca State Park","Ferreira et al 2016"
"MICRO01","Microlynchia galapagoensis","PCR, thorax, absence of host DNA","Ecuador",,"Valkiunas et al 2010b"
"MICRO02","Microlynchia galapagoensis","PCR, thorax, absence of host DNA","Ecuador",,"Valkiunas et al 2010b"
"MILANS04","Simulium angustipes","PCR , whole mosquitoes","Germany","Eastern Westphalia","Chakarov et al 2020"
"MILANS05","Culex neavei","PCR, thorax, absence of host DNA","Cameroon",,"Njabo et al 2011"
"MTUR2","Simulium vernum","PCR , whole mosquitoes","Germany","Eastern Westphalia","Chakarov et al 2020"
"MYISWA01","Mansonia sp.","PCR, head and thorax","Brazil",,"Guimaraes et al 2021"
"NEVE01","Simulium vernum","PCR, mosquitoes without blood meals","Czech Republic","Fláje Dam","Synek et al 2016"
"NEVE01","Simulium vernum","PCR , whole mosquitoes","Germany","Eastern Westphalia","Chakarov et al 2020"
"NYCNYC01","Mansonia titillans","PCR , whole mosquitoes","Brazil","Mata Seca State Park","Ferreira et al 2016"
"NYCNYC01","Culex rejector","PCR, abdomen","Mexico","Xalapa, Ver","Guillén-Rodríguez et al unpubl"
"ORTVET01","Culex salinarius","PCR, abdomen","Mexico","Xalapa, Ver","Guillén-Rodríguez et al unpubl"
"PADOM01","Culex pipiens","PCR , whole mosquitoes","France","Sussargues","Zele et al 2014"
"PADOM01","Culex pipiens","PCR , whole mosquitoes","France","Tour Carbonniere","Zele et al 2014"
"PADOM01","Culex pipiens","PCR , whole mosquitoes","France","Mejanes","Zele et al 2014"
"PADOM01","Culex pipiens","PCR, head and thorax","Switzerland","Dorigny, Lausanne","Lalubin et al 2013"
"PADOM02","Aedes albopictus","PCR, abdomen, blood filled","Japan","Tsushima Wildlife Conservation Center","Tanigawa et al 2013"
"PADOM02","Aedes albopictus","PCR, abdomen","Japan","Nihon University farm","Odagawa et al 2022"
"PADOM02","Culex pipiens","PCR , whole mosquitoes","Japan",,"Ejiri et al 2009"
"PADOM02","Culex pipiens","PCR, abdomen with blood meal","Japan",,"Kim et al 2009b"
"PADOM02","Culex pipiens","PCR, mosquitoes without blood meals","Japan",,"Kim et al 2009b"
"PADOM02","Culex pipiens","PCR, thorax, absence of host DNA","Japan","Rinshi-no-mori Park","Kim & Tsuda 2010"
"PADOM02","Culex pipiens","PCR, thorax, unfed","Japan","Ueno Zoological Gardens Tokyo","Ejiri et al 2011a"
"PADOM02","Culex pipiens","PCR, thorax, unfed","Japan","Sakata wetland","Kim & Tsuda 2012"
"PADOM02","Culex pipiens","PCR , whole mosquitoes","Japan","Nihon University farm","Shirotani et al 2009"
"PADOM02","Culex pipiens","PCR, head-thorax/abdomen","Japan","Nihon University farm","Odagawa et al 2022"
"PADOM02","Culex pipiens","PCR, abdomen, blood filled","Japan","Marinepia Aquarium","Inumaru et al 2021a"
"PADOM02","Culex pipiens","PCR, abdomen, blood filled","Japan","Marinepia","Inumaru et al 2021a"
"PADOM02","Culex pipiens","PCR, thorax, unfed","Switzerland",,"Glaizot et al 2012"
"PADOM02","Culex pipiens","PCR, head and thorax","Switzerland","Dorigny, Lausanne","Lalubin et al 2013"
"PADOM02","Tripteroides bambusa","PCR, abdomen","Japan","Nihon University farm","Odagawa et al 2022"
"PADOM02","Culex bitaeniorhynchus","PCR, thorax, unfed","Japan","Sakata wetland","Kim & Tsuda 2012"
"PADOM02","Culex inatomii","PCR, thorax, unfed","Japan","Sakata wetland","Kim & Tsuda 2012"
"PADOM02","Lutzia vorax","PCR , whole mosquitoes","Japan",,"Ejiri et al 2009"
"PADOM03","Culex pipiens","PCR, abdomen with blood meal","Italy",,"Martinez-de la Puente et al 2015"
"PADOM05","Culex pipiens","PCR, head and thorax","Turkey",,"Inci et al 2012"
"PADOM05","Culex modestus","PCR, head and thorax","Spain","Canada de los Pajaros","Ferraguti et al 2013a"
"PADOM05","Culex perexiguus","PCR, head and thorax","Spain","Canada de los Pajaros","Ferraguti et al 2013a"
"PADOM11","Culex restuans","PCR, mosquitoes without blood meals","United States",,"Kimura et al 2010"
"PAHIS1","Aedes vexans","PCR, head and thorax","Turkey",,"Inci et al 2012"
"PARUS1","Culicoides impunctatus","Experimental infection","Russia","Curonian Spit","Ziegyte et al 2017"
"PARUS1","Culicoides obsoletus","PCR , whole mosquitoes","Lithuania","Puvociai","Chagas et al 2024"
"PARUS1","Mansonia uniformis","PCR , whole mosquitoes","Botswana","20_OKA2","Perrin et al 2026"
"PARUS1","Mansonia africana","PCR , whole mosquitoes","Botswana","20_OKA1","Perrin et al 2026"
"PARUS1","Culicoides segnis","PCR , whole mosquitoes","Lithuania","Verkiai Park","Chagas et al 2024"
"PARUS18","Simulium rubzovianum","PCR , whole mosquitoes","Germany","Eastern Westphalia","Chakarov et al 2020"
"PARUS20","Simulium petricolum","PCR , whole mosquitoes","Germany","Eastern Westphalia","Chakarov et al 2020"
"PARUS25","Simulium vernum","PCR, mosquitoes without blood meals","Czech Republic","Fláje Dam","Synek et al 2016"
"PARUS4","Simulium vernum","PCR, mosquitoes without blood meals","Czech Republic","Fláje Dam","Synek et al 2016"
"PELSEP04","Culex naevei","PCR , whole mosquitoes","Botswana","20_OKA1","Perrin et al 2026"
"PFC1","Culicoides impunctatus","Experimental infection","Russia","Curonian Spit","Ziegyte et al 2017"
"PHSIB1","Culicoides segnis","Unkown","Lithuania","Puvociai","Chagas et al 2022"
"PSDIS01","Psorophora discrucians","PCR , whole mosquitoes","Brazil","Mata Seca State Park","Ferreira et al 2016"
"RBQ03","Ochlerotatus caspius","PCR, head and thorax","Spain","Canada de los Pajaros","Ferraguti et al 2013a"
"ROFI1","Culicoides pictipennis","PCR , whole mosquitoes","Lithuania","Puvociai","Chagas et al 2024"
"ROFI1","Culicoides segnis","PCR, thorax, unfed","Czech Republic","Bohemia Forest, Vltava river valley","Synek et al 2013b"
"SANG01","Simulium angustipes","PCR , whole mosquitoes","Germany","Eastern Westphalia","Chakarov et al 2020"
"SANG02","Simulium vernum","PCR , whole mosquitoes","Germany","Eastern Westphalia","Chakarov et al 2020"
"SANG02","Simulium angustipes","PCR , whole mosquitoes","Germany","Eastern Westphalia","Chakarov et al 2020"
"SEIAUR01","Culex pipiens","PCR, mosquitoes without blood meals","United States",,"Kimura et al 2010"
"SEIAUR01","Culex restuans","PCR, mosquitoes without blood meals","United States",,"Kimura et al 2010"
"SEIAUR01","Aedes canadensis","PCR, mosquitoes without blood meals","United States",,"Kimura et al 2010"
"SETAUD16","Aedes allotecnon","PCR, abdomen","Mexico","Xalapa, Ver","Guillén-Rodríguez et al unpubl"
"SFC9","Culicoides impunctatus","Experimental infection","Russia","Curonian Spit","Ziegyte et al 2017"
"SGS1","Aedes albopictus","PCR, abdomen","Japan","Nihon University farm","Odagawa et al 2022"
"SGS1","Culex pipiens","PCR , whole mosquitoes","Austria",,"Schoener et al 2017"
"SGS1","Culex pipiens","PCR , whole mosquitoes","Austria",,"Schoener et al 2017"
"SGS1","Culex pipiens","PCR , whole mosquitoes","France","Sussargues","Zele et al 2014"
"SGS1","Culex pipiens","PCR , whole mosquitoes","France","Tour Carbonniere","Zele et al 2014"
"SGS1","Culex pipiens","PCR , whole mosquitoes","France","Mejanes","Zele et al 2014"
"SGS1","Culex pipiens","PCR , whole mosquitoes","France","Marais du Vigueirat","Zele et al 2014"
"SGS1","Culex pipiens","PCR, abdomen with blood meal","Italy",,"Martinez-de la Puente et al 2015"
"SGS1","Culex pipiens","PCR, mosquitoes without blood meals","Japan",,"Kim et al 2009b"
"SGS1","Culex pipiens","PCR, thorax, absence of host DNA","Japan","Rinshi-no-mori Park","Kim & Tsuda 2010"
"SGS1","Culex pipiens","PCR, oocysts and sporozoites","Japan","Rinshi-no-mori Park","Kim & Tsuda 2015"
"SGS1","Culex pipiens","PCR, thorax, unfed","Japan","Ueno Zoological Gardens Tokyo","Ejiri et al 2011a"
"SGS1","Culex pipiens","PCR, head-thorax/abdomen","Japan","Nihon University farm","Odagawa et al 2022"
"SGS1","Culex pipiens","Experimental infection","Lithuania",,"Kazlauskiene et al 2013"
"SGS1","Culex pipiens","PCR, mosquitoes without blood meals","Portugal","Santo André","Ventim et al 2012c"
"SGS1","Culex pipiens","PCR, head and thorax","Spain","Canada de los Pajaros","Ferraguti et al 2013a"
"SGS1","Culex pipiens","PCR, thorax, unfed","Switzerland",,"Glaizot et al 2012"
"SGS1","Culex pipiens","PCR, head and thorax","Switzerland","Dorigny, Lausanne","Lalubin et al 2013"
"SGS1","Culex pipiens","PCR, head and thorax","Turkey",,"Inci et al 2012"
"SGS1","Culiseta annulata","PCR, head and thorax","Turkey",,"Inci et al 2012"
"SGS1","Culex modestus","PCR, head and thorax","Spain","Canada de los Pajaros","Ferraguti et al 2013a"
"SGS1","Culex theileri","PCR, head and thorax","Spain","Canada de los Pajaros","Ferraguti et al 2013a"
"SGS1","Coquillettidia fuscopennata","PCR , whole mosquitoes","Botswana","20_OKA1","Perrin et al 2026"
"SGS1","Culex perexiguus","PCR , whole mosquitoes","Botswana","KAL_STAT_2","Perrin et al 2026"
"SGS1","Culex sasai","PCR, abdomen with blood meal","Japan",,"Kim et al 2009a"
"SGS1","Lutzia vorax","PCR , whole mosquitoes","Japan",,"Ejiri et al 2009"
"SGS1","Culex perexiguus","PCR, head and thorax","Spain","Canada de los Pajaros","Ferraguti et al 2013a"
"SGS1","Culicoides sigaensis","Unkown","Japan","Nihon University farm","Inumaru et al 2023"
"SGS1","Aedes sp.","PCR , whole mosquitoes","Botswana","KAL_STAT_3","Perrin et al 2026"
"SIBIC01","Simulium bicolotatum","PCR, salivary gland and mid gut","Colombia","Chingaza PNN","Lotta et al 2016"
"SIMASA01","Simulium asakoae","Unkown","Thailand","Chiang Mai","Jumpato et al unpubl"
"SIMASA02","Simulium asakoae","Unkown","Thailand","Chiang Mai","Jumpato et al unpubl"
"SIMASA03","Simulium asakoae","Unkown","Thailand","Chiang Mai","Jumpato et al 2019"
"SIMASA04","Simulium asakoae","Unkown","Thailand","Chiang Mai","Jumpato et al 2019"
"SIMASA05","Simulium asakoae","Unkown","Thailand","Chiang Mai","Jumpato et al 2019"
"SIMASA06","Simulium asakoae","Unkown","Thailand","Chiang Mai","Jumpato et al 2019"
"SIMASA07","Simulium asakoae","Unkown","Thailand","Chiang Mai","Jumpato et al unpubl"
"SIMASA08","Simulium asakoae","Unkown","Thailand","Chiang Mai","Jumpato et al unpubl"
"SIMASA09","Simulium asakoae","Unkown","Thailand","Chiang Mai","Jumpato et al unpubl"
"SIMASA10","Simulium asakoae","Unkown","Thailand","Chiang Mai","Jumpato et al unpubl"
"SIMCHU01","Simulium chumpornense","Unkown","Thailand","Loei","Pramual et al 2020"
"SIMCHU02","Simulium chumpornense","Unkown","Thailand","Loei","Pramual et al 2020"
"SIMCHU03","Simulium chumpornense","Unkown","Thailand","Loei","Jumpato et al 2019"
"SIMKHE01","Simulium khelangense","Unkown","Thailand","Nong Khai","Jumpato et al unpubl"
"SIMKHE02","Simulium khelangense","Unkown","Thailand","Nong Khai","Jumpato et al unpubl"
"SIMKHE03","Simulium khelangense","Unkown","Thailand","Nong Khai","Jumpato et al unpubl"
"SIMKHE04","Simulium khelangense","Unkown","Thailand","Loei","Jumpato et al unpubl"
"SIMKHE05","Simulium khelangense","Unkown","Thailand","Ubon Ratchathani","Jumpato et al unpubl"
"SIMKHE06","Simulium khelangense","Unkown","Thailand","Bueng Kan","Jumpato et al unpubl"
"SIMKHE07","Simulium khelangense","Unkown","Thailand","Loei","Jumpato et al unpubl"
"SIMKHE08","Simulium khelangense","Unkown","Thailand","Bueng Kan","Jumpato et al unpubl"
"SIMKHE09","Simulium khelangense","Unkown","Thailand","Loei","Jumpato et al unpubl"
"SIMKHE10","Simulium khelangense","Unkown","Thailand","Loei","Jumpato et al unpubl"
"SIMKHE11","Simulium khelangense","Unkown","Thailand","Nong Khai","Jumpato et al unpubl"
"SIMKHE12","Simulium khelangense","Unkown","Thailand","Nong Khai","Jumpato et al unpubl"
"SIMKHE13","Simulium khelangense","Unkown","Thailand","Nong Khai","Jumpato et al unpubl"
"SIMKHE14","Simulium khelangense","Unkown","Thailand","Nong Khai","Jumpato et al unpubl"
"SIMKHE15","Simulium khelangense","Unkown","Thailand","Bueng Kan","Jumpato et al unpubl"
"SIMKHE16","Simulium khelangense","Unkown","Thailand","Bueng Kan","Jumpato et al unpubl"
"SIMKHE17","Simulium khelangense","Unkown","Thailand","Ubon Ratchathani","Jumpato et al unpubl"
"SIMKHE18","Simulium khelangense","Unkown","Thailand","Nong Khai","Jumpato et al unpubl"
"SIMKHE19","Simulium khelangense","Unkown","Thailand","Nong Khai","Jumpato et al unpubl"
"SIMKHE20","Simulium khelangense","Unkown","Thailand","Loei","Jumpato et al unpubl"
"SIMKHE21","Simulium khelangense","Unkown","Thailand","Loei","Jumpato et al unpubl"
"SIMKHE22","Simulium khelangense","Unkown","Thailand","Bueng Kan","Jumpato et al unpubl"
"SIMKHE23","Simulium khelangense","Unkown","Thailand","Bueng Kan","Jumpato et al unpubl"
"SIMKHE24","Simulium khelangense","Unkown","Thailand","Bueng Kan","Jumpato et al unpubl"
"SIMKHE25","Simulium khelangense","Unkown","Thailand","Bueng Kan","Jumpato et al unpubl"
"SIMKHE26","Simulium khelangense","Unkown","Thailand","Bueng Kan","Jumpato et al unpubl"
"SIMKHE27","Simulium khelangense","Unkown","Thailand","Loei","Jumpato et al unpubl"
"SIMKHE28","Simulium khelangense","Unkown","Thailand","Bueng Kan","Jumpato et al unpubl"
"SIMKHE29","Simulium khelangense","Unkown","Thailand","Bueng Kan","Jumpato et al unpubl"
"SIMKHE30","Simulium khelangense","Unkown","Thailand","Nong Khai","Jumpato et al unpubl"
"SIMKHE31","Simulium khelangense","Unkown","Thailand","Nong Khai","Jumpato et al unpubl"
"SIMKHE32","Simulium khelangense","Unkown","Thailand","Nong Khai","Jumpato et al unpubl"
"SIMKHE33","Simulium khelangense","Unkown","Thailand","Nong Khai","Stangarm et al 2024"
"SIMKHE34","Simulium khelangense","Unkown","Thailand","Ubon Ratchathani","Jumpato et al unpubl"
"SIMKHE35","Simulium khelangense","Unkown","Thailand","Bueng Kan","Jumpato et al unpubl"
"SIMKHE36","Simulium khelangense","Unkown","Thailand","Bueng Kan","Jumpato et al unpubl"
"SIMKHE37","Simulium khelangense","Unkown","Thailand","Nong Khai","Jumpato et al unpubl"
"SIMKHE38","Simulium khelangense","Unkown","Thailand","Nong Khai","Jumpato et al unpubl"
"SIMKHE39","Simulium khelangense","Unkown","Thailand","Loei","Jumpato et al unpubl"
"SIMUI01","Simulium muiscorum","PCR, salivary gland and mid gut","Colombia","Chingaza PNN","Lotta et al 2016"
"SIMUL01","Simulium lineatum","PCR , whole mosquitoes","Turkey",,"Inci et al"
"SISKIN1","Culicoides nubeculosus","Experimental infection","Lithuania","Vilnius","Ziegyte et al 2016"
"SPHUM05","Culex pipiens","PCR, thorax, blood filled","Japan","Marinepia Aquarium","Inumaru et al 2021a"
"SPHUM05","Culex pipiens","PCR, thorax, blood filled","Japan","Marinepia","Inumaru et al 2021a"
"SPMAG10","Culex pipiens","PCR, abdomen","Japan","Nihon University farm","Odagawa et al 2022"
"SPMEN03","Ochlerotatus taeniorhynchus","PCR, head and thorax","Mexico","Socorro Island","Carlson et al 2011"
"STAL1","Simulium rubzovianum","PCR , whole mosquitoes","Germany","Eastern Westphalia","Chakarov et al 2020"
"STOCC13","Simulium exulatum","PCR , whole mosquitoes","United States","Gothic","Murdock et al 2015"
"STUR1","Simulium vernum","PCR , whole mosquitoes","Germany","Eastern Westphalia","Chakarov et al 2020"
"STUR1","Simulium securiforme","PCR, thorax, unfed","Czech Republic","Bohemia Forest, Vltava river valley","Synek et al 2013b"
"STUR1","Simulium rubzovianum","PCR , whole mosquitoes","Germany","Eastern Westphalia","Chakarov et al 2020"
"SW2","Culex pipiens","PCR , whole mosquitoes","Botswana","KAL_STAT_1","Perrin et al 2026"
"SW2","Culex pipiens","PCR, thorax, unfed","Switzerland",,"Glaizot et al 2012"
"SW2","Aedes sp.","PCR , whole mosquitoes","Botswana","KAL_STAT_4","Perrin et al 2026"
"SYAT01","Culicoides kibunensis","PCR, thorax, unfed","Germany","Mooswald Forest","Santiago-Alarcon et al 2013"
"SYAT01","Culicoides kibunensis","PCR , whole mosquitoes","Lithuania","Vilnius Botanical Garden","Chagas et al 2024"
"SYAT01","Culicoides pictipennis","PCR , whole mosquitoes","Lithuania","Verkiai Park","Chagas et al 2024"
"SYAT02","Culicoides kibunensis","PCR , whole mosquitoes","Lithuania","Vilnius Botanical Garden","Chagas et al 2024"
"SYAT02","Culicoides pictipennis","PCR , whole mosquitoes","Lithuania","Verkiai Park","Chagas et al 2024"
"SYAT02","Culicoides pictipennis","PCR , whole mosquitoes","Lithuania","Vilnius Botanical Garden","Chagas et al 2024"
"SYAT05","Aedes albopictus","PCR, abdomen with blood meal","Italy",,"Martinez-de la Puente et al 2015"
"SYAT05","Culex pipiens","PCR , whole mosquitoes","Austria",,"Schoener et al 2017"
"SYAT05","Culex pipiens","PCR, thorax, unfed","Czech Republic","Bohemia Forest, Vltava river valley","Synek et al 2013b"
"SYAT05","Culex pipiens","PCR , whole mosquitoes","France","Tour Carbonniere","Zele et al 2014"
"SYAT05","Culex pipiens","PCR , whole mosquitoes","France","Mejanes","Zele et al 2014"
"SYAT05","Culex pipiens","PCR, abdomen with blood meal","Italy",,"Martinez-de la Puente et al 2015"
"SYAT05","Culex pipiens","PCR, thorax, absence of host DNA","Japan","Rinshi-no-mori Park","Kim & Tsuda 2010"
"SYAT05","Culex pipiens","PCR, thorax, unfed","Switzerland",,"Glaizot et al 2012"
"SYAT05","Culex pipiens","PCR, head and thorax","Switzerland","Dorigny, Lausanne","Lalubin et al 2013"
"SYAT05","Culex pipiens","PCR, head and thorax","Turkey",,"Inci et al 2012"
"SYAT05","Culex pipiens","PCR, mosquitoes without blood meals","United States",,"Kimura et al 2010"
"SYAT05","Culex restuans","PCR, mosquitoes without blood meals","United States",,"Kimura et al 2010"
"SYAT05","Culicoides festivipennis","Unkown","Lithuania","Vilnius Botanical Garden","Chagas et al 2022"
"SYAT05","Culicoides festivipennis","PCR , whole mosquitoes","Lithuania","Vilnius Botanical Garden","Chagas et al 2024"
"SYAT05","Culex modestus","PCR, head and thorax","Spain","Canada de los Pajaros","Ferraguti et al 2013a"
"SYAT05","Culex theileri","PCR, mosquitoes without blood meals","Portugal","Taipal","Ventim et al 2012c"
"SYAT05","Culex theileri","PCR, head and thorax","Spain","Canada de los Pajaros","Ferraguti et al 2013a"
"SYAT05","Culex perexiguus","PCR, head and thorax","Spain","Canada de los Pajaros","Ferraguti et al 2013a"
"SYAT13","Culicoides kibunensis","PCR , whole mosquitoes","Lithuania","Vilnius Botanical Garden","Chagas et al 2024"
"SYAT13","Culicoides pictipennis","PCR , whole mosquitoes","Lithuania","Vilnius Botanical Garden","Chagas et al 2024"
"SYBOR01","Culex theileri","PCR, head and thorax","Spain","Canada de los Pajaros","Ferraguti et al 2013a"
"SYBOR01","Culex perexiguus","PCR, head and thorax","Spain","Canada de los Pajaros","Ferraguti et al 2013a"
"SYBOR02","Culex inatomii","PCR, thorax, unfed","Japan","Sakata wetland","Kim & Tsuda 2012"
"SYCON02","Culex pipiens","PCR, head and thorax","Japan","Nihon University farm","Odagawa et al 2022"
"TABI09","Simulium silvestre","PCR , whole mosquitoes","United States","Gothic","Murdock et al 2015"
"TUCHR01","Culicoides kibunensis","Unkown","Lithuania","Verkiai Park","Chagas et al 2022"
"TUMIG03","Culex pipiens","PCR, mosquitoes without blood meals","United States",,"Kimura et al 2010"
"TUMIG03","Culex restuans","PCR, mosquitoes without blood meals","United States",,"Kimura et al 2010"
"TUMIG03","Mansonia pseudotitillans","PCR , whole mosquitoes","Brazil","Mata Seca State Park","Ferreira et al 2016"
"TUPHI01","Culicoides festivipennis","PCR , whole mosquitoes","Lithuania","Brinkiskes","Chagas et al 2024"
"TUPHI01","Culicoides kibunensis","PCR, thorax, unfed","Czech Republic","Bohemia Forest, Vltava river valley","Synek et al 2013b"
"TUPHI01","Culicoides kibunensis","PCR, thorax, unfed","Germany","Mooswald Forest","Santiago-Alarcon et al 2013"
"TUPHI01","Culicoides kibunensis","PCR , whole mosquitoes","Lithuania","Puvociai","Chagas et al 2024"
"TUPHI01","Culicoides kibunensis","Unkown","Lithuania","Verkiai Park","Chagas et al 2022"
"TUPHI01","Culicoides kibunensis","PCR , whole mosquitoes","Lithuania","Verkiai Park","Chagas et al 2024"
"TUPHI01","Culicoides kibunensis","Unkown","Lithuania","Vilnius Botanical Garden","Chagas et al 2022"
"TUPHI01","Culicoides kibunensis","PCR , whole mosquitoes","Lithuania","Vilnius Botanical Garden","Chagas et al 2024"
"TUPHI01","Culicoides kibunensis","PCR , whole mosquitoes","Lithuania","Brinkiskes","Chagas et al 2024"
"TUPHI01","Culicoides pictipennis","PCR, thorax, unfed","Germany","Mooswald Forest","Santiago-Alarcon et al 2013"
"TUPHI01","Culicoides pictipennis","PCR , whole mosquitoes","Lithuania","Puvociai","Chagas et al 2024"
"TUPHI01","Culicoides pictipennis","Unkown","Lithuania","Verkiai Park","Chagas et al 2022"
"TUPHI01","Culicoides pictipennis","PCR , whole mosquitoes","Lithuania","Verkiai Park","Chagas et al 2024"
"TUPHI01","Culicoides pictipennis","PCR , whole mosquitoes","Lithuania","Vilnius Botanical Garden","Chagas et al 2024"
"TUPHI01","Culicoides pictipennis","PCR , whole mosquitoes","Lithuania","Brinkiskes","Chagas et al 2024"
"TUPHI01","Culicoides segnis","PCR, thorax, unfed","Czech Republic","Bohemia Forest, Vltava river valley","Synek et al 2013b"
"TUPHI01","Culicoides segnis","Unkown","Lithuania","Puvociai","Chagas et al 2022"
"TUPHI01","Culicoides segnis","Unkown","Lithuania","Vilnius Botanical Garden","Chagas et al 2022"
"TUPHI01","Culicoides segnis","PCR , whole mosquitoes","Lithuania","Vilnius Botanical Garden","Chagas et al 2024"
"TUPHI01","Culicoides sp.","PCR, mosquitoes without blood meals","Czech Republic","Fláje Dam","Synek et al 2016"
"TUPHI05","Culex pipiens","PCR , whole mosquitoes","Austria",,"Schoener et al 2017"
"TURDUS1","Culex pipiens","PCR, thorax, unfed","Switzerland",,"Glaizot et al 2012"
"TURDUS2","Culex pipiens","PCR, thorax, unfed","Czech Republic","Bohemia Forest, Vltava river valley","Synek et al 2013b"
"TURDUS2","Culex pipiens","PCR, abdomen with blood meal","Italy",,"Martinez-de la Puente et al 2015"
"TURDUS2","Culicoides festivipennis","PCR, thorax, unfed","Czech Republic","Bohemia Forest, Vltava river valley","Synek et al 2013b"
"TURDUS2","Culicoides kibunensis","PCR, thorax, unfed","Czech Republic","Bohemia Forest, Vltava river valley","Synek et al 2013b"
"TURDUS2","Culicoides kibunensis","Unkown","Lithuania","Verkiai Park","Chagas et al 2022"
"TURDUS2","Culicoides kibunensis","Unkown","Lithuania","Vilnius Botanical Garden","Chagas et al 2022"
"TURDUS2","Culicoides kibunensis","PCR , whole mosquitoes","Lithuania","Vilnius Botanical Garden","Chagas et al 2024"
"TURDUS2","Culicoides kibunensis","PCR , whole mosquitoes","Lithuania","Brinkiskes","Chagas et al 2024"
"TURDUS2","Culicoides pictipennis","PCR , whole mosquitoes","Bulgaria","Kalimok","Bobeva et al 2013"
"TURDUS2","Culicoides pictipennis","PCR , whole mosquitoes","Lithuania","Puvociai","Chagas et al 2024"
"TURDUS2","Culicoides pictipennis","PCR , whole mosquitoes","Lithuania","Verkiai Park","Chagas et al 2024"
"TURDUS2","Culicoides pictipennis","PCR , whole mosquitoes","Lithuania","Vilnius Botanical Garden","Chagas et al 2024"
"TURDUS2","Culicoides pictipennis","PCR , whole mosquitoes","Lithuania","Brinkiskes","Chagas et al 2024"
"TURDUS2","Culicoides segnis","Unkown","Lithuania","Puvociai","Chagas et al 2022"
"TURDUS2","Culicoides segnis","Unkown","Lithuania","Old lady house","Chagas et al 2022"
"TURDUS2","Culicoides segnis","PCR , whole mosquitoes","Lithuania","Vilnius Botanical Garden","Chagas et al 2024"
"URANO01","Uranotaenia alboabdominalis","PCR, head and thorax","Madagascar","Maromizaha","Schmid et al 2017a"
"URANO02","Uranotaenia sp.","PCR, head and thorax","Madagascar","Maromizaha","Schmid et al 2017a"
"URANO03","Uranotaenia alboabdominalis","PCR, head and thorax","Madagascar","Maromizaha","Schmid et al 2017a"
"URANO04","Uranotaenia sp.","PCR, head and thorax","Madagascar","Maromizaha","Schmid et al 2017a"
"VIGIL02","Simulium silvestre","PCR , whole mosquitoes","United States","Gothic","Murdock et al 2015"
"VIOLI03","Culex nigripalpus","PCR, head and thorax","Brazil",,"Guimaraes et al 2021"
"WW1","Culex pipiens","PCR, head and thorax","Madagascar","Maromizaha","Schmid et al 2017a"
"WW1","Culex annulioris","PCR, head and thorax","Madagascar","Maromizaha","Schmid et al 2017a"
"WW2","Culicoides obsoletus","Unkown","Lithuania","Vilnius Botanical Garden","Chagas et al 2022"
"YWT1","Culicoides impunctatus","Experimental infection","Russia","Curonian Spit","Ziegyte et al 2017"
"ZEGAL05","Microlynchia galapagoensis","PCR, thorax, absence of host DNA","Ecuador",,"Valkiunas et al 2010b"
"ZOCAP03","Culex pipiens","PCR, abdomen","Japan","Nihon University farm","Odagawa et al 2022"
"ZOLEU02","Simulium silvestre","PCR , whole mosquitoes","United States","Gothic","Murdock et al 2015"
