"lineage_a","lineage_b","genus_a","genus_b","same_genus","n_comparable","a_private","b_private"
"H_ABSUP01","H_VIOLI15","Haemoproteus","Haemoproteus",TRUE,102,224,126
"H_ABSUP01","H_VIRFLA02","Haemoproteus","Haemoproteus",TRUE,102,224,126
"H_ABSUP01","H_VIRFLA03","Haemoproteus","Haemoproteus",TRUE,102,224,120
"H_ADEMEL01","H_CATUST02","Haemoproteus","Haemoproteus",TRUE,266,190,10
"H_ADEMEL01","H_CHAFA01","Haemoproteus","Haemoproteus",TRUE,348,108,13
"H_AKGPH02","H_STTRA01","Haemoproteus","Haemoproteus",TRUE,220,205,29
"H_AKGPH05","H_STTRA01","Haemoproteus","Haemoproteus",TRUE,220,205,29
"H_ALMOR07","H_VIOLI15","Haemoproteus","Haemoproteus",TRUE,102,224,126
"H_ALMOR07","H_VIRFLA02","Haemoproteus","Haemoproteus",TRUE,102,224,126
"H_ALMOR07","H_VIRFLA03","Haemoproteus","Haemoproteus",TRUE,102,224,120
"H_ALMOR10","H_VIOLI15","Haemoproteus","Haemoproteus",TRUE,102,224,126
"H_ALMOR10","H_VIRFLA02","Haemoproteus","Haemoproteus",TRUE,102,224,126
"H_ALMOR10","H_VIRFLA03","Haemoproteus","Haemoproteus",TRUE,102,224,120
"H_ANTHOD01","P_PARUS2","Haemoproteus","Plasmodium",FALSE,392,40,17
"H_ARBRU01_Haemoproteus_coatneyi","H_ATLBRU01","Haemoproteus","Haemoproteus",TRUE,444,2,33
"H_BONUM01","H_STTRA01","Haemoproteus","Haemoproteus",TRUE,131,230,118
"H_BUCCLA01","H_MERMER01","Haemoproteus","Haemoproteus",TRUE,359,118,2
"H_CARCAR10","H_DENPET01","Haemoproteus","Haemoproteus",TRUE,283,194,2
"H_CATUST02","H_CHAFA01","Haemoproteus","Haemoproteus",TRUE,158,118,203
"H_CATUST22","H_CHAFA01","Haemoproteus","Haemoproteus",TRUE,360,118,1
"H_CHLOP01","H_HELVIO02","Haemoproteus","Haemoproteus",TRUE,440,24,14
"H_COBRA14","H_NECASP01","Haemoproteus","Haemoproteus",TRUE,248,230,1
"H_COLPAS01","H_PEUCAS02","Haemoproteus","Haemoproteus",TRUE,304,1,174
"H_DENCOR01_Haemoproteus_coatneyi","H_MELGEO01","Haemoproteus","Haemoproteus",TRUE,151,210,118
"H_DENCOR01_Haemoproteus_coatneyi","H_PASILI01","Haemoproteus","Haemoproteus",TRUE,360,1,118
"H_DENPEN02","H_MELGEO01","Haemoproteus","Haemoproteus",TRUE,268,210,1
"H_DENPEN02","H_PASILI01","Haemoproteus","Haemoproteus",TRUE,477,1,1
"H_DENPET01","H_PERCAN18","Haemoproteus","Haemoproteus",TRUE,284,1,192
"H_DENVAG02","H_NECASP01","Haemoproteus","Haemoproteus",TRUE,248,55,1
"H_DUMCAR47","H_TOXRUF01","Haemoproteus","Haemoproteus",TRUE,476,1,2
"H_EMGOD01","P_ZOSXAN01","Haemoproteus","Plasmodium",FALSE,257,175,43
"H_ERZAN02","H_VIOLI15","Haemoproteus","Haemoproteus",TRUE,102,224,126
"H_ERZAN02","H_VIRFLA02","Haemoproteus","Haemoproteus",TRUE,102,224,126
"H_ERZAN02","H_VIRFLA03","Haemoproteus","Haemoproteus",TRUE,102,224,120
"H_FIWES01","H_VIOLI15","Haemoproteus","Haemoproteus",TRUE,102,224,126
"H_FIWES01","H_VIRFLA02","Haemoproteus","Haemoproteus",TRUE,102,224,126
"H_FIWES01","H_VIRFLA03","Haemoproteus","Haemoproteus",TRUE,102,224,120
"H_GYMSAL01","H_ZONALB01_Haemoproteus_fringillae","Haemoproteus","Haemoproteus",TRUE,359,118,2
"H_GYMSAL02","H_ZONALB01_Haemoproteus_fringillae","Haemoproteus","Haemoproteus",TRUE,359,118,2
"H_HYPRO01","H_VIOLI15","Haemoproteus","Haemoproteus",TRUE,102,224,126
"H_HYPRO01","H_VIRFLA02","Haemoproteus","Haemoproteus",TRUE,102,224,126
"H_HYPRO01","H_VIRFLA03","Haemoproteus","Haemoproteus",TRUE,102,224,120
"H_JUHYE01","H_SPIPAS11","Haemoproteus","Haemoproteus",TRUE,72,224,155
"H_JUHYE01","H_VIOLI15","Haemoproteus","Haemoproteus",TRUE,72,224,156
"H_JUHYE01","H_VIRFLA02","Haemoproteus","Haemoproteus",TRUE,72,224,156
"H_JUHYE01","H_VIRFLA03","Haemoproteus","Haemoproteus",TRUE,72,224,150
"H_LEPPLU01","H_MICRO02_Haemoproteus_multipigmentatus","Haemoproteus","Haemoproteus",TRUE,336,142,1
"H_LEPPLU01","H_ZEGAL04","Haemoproteus","Haemoproteus",TRUE,346,132,1
"H_LISP01","H_SERUT05","Haemoproteus","Haemoproteus",TRUE,284,194,1
"H_MELBEL02","H_MELBEL03","Haemoproteus","Haemoproteus",TRUE,442,2,35
"H_MELGEO01","H_SETAUD02","Haemoproteus","Haemoproteus",TRUE,240,29,180
"H_MELGEO01","H_SETAUD09","Haemoproteus","Haemoproteus",TRUE,240,29,180
"H_MELGEO01","H_SPIPAS11","Haemoproteus","Haemoproteus",TRUE,45,224,182
"H_MELGEO01","H_VIOLI15","Haemoproteus","Haemoproteus",TRUE,45,224,183
"H_MELGEO01","H_VIRFLA02","Haemoproteus","Haemoproteus",TRUE,45,224,183
"H_MELGEO01","H_VIRFLA03","Haemoproteus","Haemoproteus",TRUE,45,224,177
"H_MICRO02_Haemoproteus_multipigmentatus","P_RBQ19","Haemoproteus","Plasmodium",FALSE,5,332,128
"H_MIIGO01","H_VIOLI15","Haemoproteus","Haemoproteus",TRUE,102,224,126
"H_MIIGO01","H_VIRFLA02","Haemoproteus","Haemoproteus",TRUE,102,224,126
"H_MIIGO01","H_VIRFLA03","Haemoproteus","Haemoproteus",TRUE,102,224,120
"H_NEOBS03","H_SPIPAS11","Haemoproteus","Haemoproteus",TRUE,20,224,207
"H_NEOBS03","H_VIOLI15","Haemoproteus","Haemoproteus",TRUE,20,224,208
"H_NEOBS03","H_VIRFLA02","Haemoproteus","Haemoproteus",TRUE,20,224,208
"H_NEOBS03","H_VIRFLA03","Haemoproteus","Haemoproteus",TRUE,20,224,202
"H_NEOBS04","H_SPIPAS11","Haemoproteus","Haemoproteus",TRUE,20,224,207
"H_NEOBS04","H_VIOLI15","Haemoproteus","Haemoproteus",TRUE,20,224,208
"H_NEOBS04","H_VIRFLA02","Haemoproteus","Haemoproteus",TRUE,20,224,208
"H_NEOBS04","H_VIRFLA03","Haemoproteus","Haemoproteus",TRUE,20,224,202
"H_PIOLI01_Haemoproteus_thraupi","H_PIOLI04","Haemoproteus","Haemoproteus",TRUE,475,1,3
"H_PSADEC01","H_VIOLI15","Haemoproteus","Haemoproteus",TRUE,81,224,147
"H_PSADEC01","H_VIRFLA02","Haemoproteus","Haemoproteus",TRUE,81,224,147
"H_PSADEC01","H_VIRFLA03","Haemoproteus","Haemoproteus",TRUE,81,224,141
"H_PSAVIR01","H_SPIPAS11","Haemoproteus","Haemoproteus",TRUE,37,224,190
"H_PSAVIR01","H_VIOLI15","Haemoproteus","Haemoproteus",TRUE,37,224,191
"H_PSAVIR01","H_VIRFLA02","Haemoproteus","Haemoproteus",TRUE,37,224,191
"H_PSAVIR01","H_VIRFLA03","Haemoproteus","Haemoproteus",TRUE,37,224,185
"H_PSIKRA01","H_VIOLI15","Haemoproteus","Haemoproteus",TRUE,81,224,147
"H_PSIKRA01","H_VIRFLA02","Haemoproteus","Haemoproteus",TRUE,81,224,147
"H_PSIKRA01","H_VIRFLA03","Haemoproteus","Haemoproteus",TRUE,81,224,141
"H_SAXFUL01","H_SPIPAS11","Haemoproteus","Haemoproteus",TRUE,25,224,202
"H_SAXFUL01","H_VIOLI15","Haemoproteus","Haemoproteus",TRUE,25,224,203
"H_SAXFUL01","H_VIRFLA02","Haemoproteus","Haemoproteus",TRUE,25,224,203
"H_SAXFUL01","H_VIRFLA03","Haemoproteus","Haemoproteus",TRUE,25,224,197
"H_SERUT02","H_SPIPAS11","Haemoproteus","Haemoproteus",TRUE,61,224,166
"H_SERUT02","H_VIOLI15","Haemoproteus","Haemoproteus",TRUE,61,224,167
"H_SERUT02","H_VIRFLA02","Haemoproteus","Haemoproteus",TRUE,61,224,167
"H_SERUT02","H_VIRFLA03","Haemoproteus","Haemoproteus",TRUE,61,224,161
"H_SERUT04","H_SPIPAS11","Haemoproteus","Haemoproteus",TRUE,61,224,166
"H_SERUT04","H_VIOLI15","Haemoproteus","Haemoproteus",TRUE,61,224,167
"H_SERUT04","H_VIRFLA02","Haemoproteus","Haemoproteus",TRUE,61,224,167
"H_SERUT04","H_VIRFLA03","Haemoproteus","Haemoproteus",TRUE,61,224,161
"H_SERUT05","H_SPIPAS11","Haemoproteus","Haemoproteus",TRUE,61,224,166
"H_SERUT05","H_VIOLI15","Haemoproteus","Haemoproteus",TRUE,61,224,167
"H_SERUT05","H_VIRFLA02","Haemoproteus","Haemoproteus",TRUE,61,224,167
"H_SERUT05","H_VIRFLA03","Haemoproteus","Haemoproteus",TRUE,61,224,161
"H_SETAUD22","H_VIRFLA02","Haemoproteus","Haemoproteus",TRUE,215,158,13
"H_SPIPAS11","H_TURGUL01","Haemoproteus","Haemoproteus",TRUE,25,202,224
"H_STANIG03","H_VIOLI15","Haemoproteus","Haemoproteus",TRUE,102,224,126
"H_STANIG03","H_VIRFLA02","Haemoproteus","Haemoproteus",TRUE,102,224,126
"H_STANIG03","H_VIRFLA03","Haemoproteus","Haemoproteus",TRUE,102,224,120
"H_THRBON01","H_TROAED17","Haemoproteus","Haemoproteus",TRUE,454,17,1
"H_TURGUL01","H_VIOLI15","Haemoproteus","Haemoproteus",TRUE,25,224,203
"H_TURGUL01","H_VIRFLA02","Haemoproteus","Haemoproteus",TRUE,25,224,203
"H_TURGUL01","H_VIRFLA03","Haemoproteus","Haemoproteus",TRUE,25,224,197
"H_VIALT01","H_VIOLI14","Haemoproteus","Haemoproteus",TRUE,477,1,1
"H_ZOMON01","H_ZOSPAL02","Haemoproteus","Haemoproteus",TRUE,446,18,12
"H_ZONALB01_Haemoproteus_fringillae","H_ZONALB15","Haemoproteus","Haemoproteus",TRUE,359,2,118
"L_AKGPL06","L_LAMUT01_Leucocytozoon_lovati","Leucocytozoon","Leucocytozoon",TRUE,280,145,25
"L_CRIRUF04","L_PLOMEL04","Leucocytozoon","Leucocytozoon",TRUE,476,1,2
"L_DENCOR06","L_SETAUD25","Leucocytozoon","Leucocytozoon",TRUE,434,1,42
"L_DENCOR06","L_SILUT01","Leucocytozoon","Leucocytozoon",TRUE,402,33,44
"L_DIGCYA05","L_HEMATR03","Leucocytozoon","Leucocytozoon",TRUE,434,22,12
"L_GALLUS16","L_SIMKHE11","Leucocytozoon","Leucocytozoon",TRUE,422,25,19
"L_GEOTRI07","L_SETAUD27","Leucocytozoon","Leucocytozoon",TRUE,276,28,174
"L_HYPAM01","P_RBQ15","Leucocytozoon","Plasmodium",FALSE,8,269,182
"L_HYPAM01","P_RBQ16","Leucocytozoon","Plasmodium",FALSE,8,269,202
"L_HYPAM01","P_RBQ20","Leucocytozoon","Plasmodium",FALSE,5,272,194
"L_HYPAM01","P_RBQ23","Leucocytozoon","Plasmodium",FALSE,5,272,189
"L_PARUS90","L_PARUS93","Leucocytozoon","Leucocytozoon",TRUE,455,2,21
"L_PHEMEL01","L_SILUT01","Leucocytozoon","Leucocytozoon",TRUE,443,32,3
"L_POEMON03","P_PARVEN02","Leucocytozoon","Plasmodium",FALSE,425,51,3
"L_RECOB3","L_RS4","Leucocytozoon","Leucocytozoon",TRUE,468,10,1
"P_AFTRU07","P_CXRES01","Plasmodium","Plasmodium",TRUE,186,119,173
"P_ALERUF02","P_PADOM07","Plasmodium","Plasmodium",TRUE,446,31,1
"P_ALMOR02","P_PORUF03","Plasmodium","Plasmodium",TRUE,441,32,5
"P_BAEBIC01","P_BAERID01","Plasmodium","Plasmodium",TRUE,367,1,111
"P_BAEBIC01","P_POEATR02","Plasmodium","Plasmodium",TRUE,366,2,111
"P_BAEBIC01","P_TABI08","Plasmodium","Plasmodium",TRUE,174,194,111
"P_BUTJAM13","P_RBQ15","Plasmodium","Plasmodium",TRUE,35,269,155
"P_BUTJAM13","P_RBQ16","Plasmodium","Plasmodium",TRUE,35,269,175
"P_BUTJAM13","P_RBQ18","Plasmodium","Plasmodium",TRUE,20,284,113
"P_BUTJAM13","P_RBQ19","Plasmodium","Plasmodium",TRUE,18,286,115
"P_BUTJAM13","P_RBQ20","Plasmodium","Plasmodium",TRUE,32,272,167
"P_BUTJAM13","P_RBQ23","Plasmodium","Plasmodium",TRUE,30,274,164
"P_CARCAR11","P_TABI08","Plasmodium","Plasmodium",TRUE,284,194,1
"P_CINPRE02","P_CYAOLI10","Plasmodium","Plasmodium",TRUE,158,182,118
"P_CINPRE02","P_RBQ18","Plasmodium","Plasmodium",TRUE,20,320,113
"P_CXPIP01","P_CXRES02","Plasmodium","Plasmodium",TRUE,333,1,15
"P_CXPIP01","P_RBQ18","Plasmodium","Plasmodium",TRUE,1,333,132
"P_CXPIP01","P_RBQ19","Plasmodium","Plasmodium",TRUE,4,330,129
"P_CXPOI01","P_HALVOC01","Plasmodium","Plasmodium",TRUE,362,102,6
"P_CYAOLI13","P_NEOBS02","Plasmodium","Plasmodium",TRUE,126,214,118
"P_DIGCYA02","P_TUMIG05","Plasmodium","Plasmodium",TRUE,355,101,13
"P_DOLFRI01","P_LEPCOR05","Plasmodium","Plasmodium",TRUE,359,1,119
"P_GEOPOL01","P_GEOTRI12","Plasmodium","Plasmodium",TRUE,476,1,2
"P_GEOTRI05","P_SEIAUR02","Plasmodium","Plasmodium",TRUE,194,111,174
"P_HEDCOL01","P_NEOLI01","Plasmodium","Plasmodium",TRUE,267,209,3
"P_HYLLEU02","P_SEIAUR02","Plasmodium","Plasmodium",TRUE,366,111,2
"P_ICTCHR03","P_SEIAUR02","Plasmodium","Plasmodium",TRUE,366,111,2
"P_LARINC02","P_RBQ18","Plasmodium","Plasmodium",TRUE,20,341,113
"P_PACPOL02","P_STRZON02","Plasmodium","Plasmodium",TRUE,355,122,2
"P_RBQ16","P_SIAMEX02","Plasmodium","Plasmodium",TRUE,92,118,269
"P_RBQ18","P_SEINOV01","Plasmodium","Plasmodium",TRUE,27,106,341
"P_RBQ18","P_TUMIG04","Plasmodium","Plasmodium",TRUE,27,106,341
"P_RBQ18","P_TUMIG05","Plasmodium","Plasmodium",TRUE,27,106,341
"P_SEIAUR02","P_TABI07","Plasmodium","Plasmodium",TRUE,174,194,111
"P_SEINOV01","P_SERUT10","Plasmodium","Plasmodium",TRUE,173,195,111
"P_SIAMEX02","P_TROAED24","Plasmodium","Plasmodium",TRUE,360,1,118
